experiment_id;t_ms;source;rtt_ms;srtt_ms;rttvar_ms;rto_ms
baseline;0.147;ack;0.12;0.12;0.06;100.00
baseline;0.152;ping;0.13;0.12;0.05;100.00
baseline;102.098;ack;0.09;0.12;0.04;100.00
baseline;206.204;ack;0.17;0.13;0.05;100.00
baseline;206.207;ping;0.18;0.13;0.05;100.00
baseline;302.129;ack;0.09;0.13;0.04;100.00
baseline;406.225;ack;0.11;0.13;0.04;100.00
baseline;406.228;ping;0.11;0.12;0.03;100.00
baseline;502.100;ack;0.07;0.12;0.04;100.00
baseline;606.086;ack;0.09;0.11;0.04;100.00
baseline;606.089;ping;0.09;0.11;0.03;100.00
baseline;702.078;ack;0.07;0.11;0.03;100.00
baseline;806.082;ack;0.09;0.10;0.03;100.00
baseline;806.085;ping;0.10;0.10;0.02;100.00
baseline;902.108;ack;0.09;0.10;0.02;100.00
baseline;1006.085;ack;0.09;0.10;0.02;100.00
baseline;1006.088;ping;0.09;0.10;0.02;100.00
baseline;1102.096;ack;0.07;0.10;0.02;100.00
baseline;1206.088;ack;0.09;0.09;0.02;100.00
baseline;1206.091;ping;0.09;0.09;0.01;100.00
baseline;1302.097;ack;0.08;0.09;0.01;100.00
baseline;1406.142;ack;0.10;0.09;0.01;100.00
baseline;1406.145;ping;0.10;0.09;0.01;100.00
baseline;1503.722;ack;1.69;0.29;0.41;100.00
baseline;1606.109;ack;0.10;0.27;0.35;100.00
baseline;1606.112;ping;0.10;0.25;0.31;100.00
baseline;1702.089;ack;0.09;0.23;0.27;100.00
baseline;1806.571;ack;0.12;0.21;0.23;100.00
baseline;1806.577;ping;0.13;0.20;0.19;100.00
baseline;1902.084;ack;0.08;0.19;0.18;100.00
baseline;2006.091;ack;0.10;0.18;0.15;100.00
baseline;2006.093;ping;0.11;0.17;0.13;100.00
baseline;2102.124;ack;0.08;0.16;0.12;100.00
baseline;2206.106;ack;0.09;0.15;0.11;100.00
baseline;2206.109;ping;0.10;0.14;0.09;100.00
baseline;2302.084;ack;0.08;0.13;0.09;100.00
baseline;2406.092;ack;0.10;0.13;0.07;100.00
baseline;2406.116;ping;0.12;0.13;0.06;100.00
baseline;2502.115;ack;0.09;0.12;0.05;100.00
baseline;2606.186;ack;0.14;0.13;0.05;100.00
baseline;2606.190;ping;0.14;0.13;0.04;100.00
baseline;2702.125;ack;0.09;0.12;0.04;100.00
baseline;2806.109;ack;0.10;0.12;0.04;100.00
baseline;2806.111;ping;0.10;0.12;0.03;100.00
baseline;2902.118;ack;0.08;0.11;0.03;100.00
baseline;3006.109;ack;0.10;0.11;0.03;100.00
baseline;3006.112;ping;0.10;0.11;0.02;100.00
baseline;3102.087;ack;0.08;0.11;0.02;100.00
baseline;3206.154;ack;0.15;0.11;0.03;100.00
baseline;3206.157;ping;0.15;0.12;0.03;100.00
baseline;3302.116;ack;0.09;0.11;0.03;100.00
baseline;3406.264;ack;0.16;0.12;0.03;100.00
baseline;3406.271;ping;0.17;0.13;0.04;100.00
baseline;3502.353;ack;0.29;0.15;0.07;100.00
baseline;3606.114;ack;0.11;0.14;0.06;100.00
baseline;3606.116;ping;0.11;0.14;0.05;100.00
baseline;3702.183;ack;0.12;0.14;0.04;100.00
baseline;3806.227;ack;0.16;0.14;0.04;100.00
baseline;3806.233;ping;0.17;0.14;0.04;100.00
baseline;3902.141;ack;0.10;0.14;0.04;100.00
baseline;4006.106;ack;0.12;0.13;0.03;100.00
baseline;4006.110;ping;0.12;0.13;0.03;100.00
baseline;4102.139;ack;0.10;0.13;0.03;100.00
baseline;4206.185;ack;0.15;0.13;0.03;100.00
baseline;4206.189;ping;0.16;0.14;0.03;100.00
baseline;4302.176;ack;0.13;0.13;0.02;100.00
baseline;4406.172;ack;0.12;0.13;0.02;100.00
baseline;4406.175;ping;0.13;0.13;0.02;100.00
baseline;4502.194;ack;0.14;0.13;0.01;100.00
baseline;4606.226;ack;0.15;0.14;0.01;100.00
baseline;4606.231;ping;0.16;0.14;0.02;100.00
baseline;4702.273;ack;0.13;0.14;0.02;100.00
baseline;4806.103;ack;0.09;0.13;0.02;100.00
baseline;4806.106;ping;0.10;0.13;0.03;100.00
baseline;4902.163;ack;0.10;0.12;0.03;100.00
baseline;5006.094;ack;0.11;0.12;0.02;100.00
baseline;5006.100;ping;0.12;0.12;0.02;100.00
baseline;5102.112;ack;0.09;0.12;0.02;100.00
baseline;5206.162;ack;0.11;0.12;0.02;100.00
baseline;5206.164;ping;0.11;0.12;0.01;100.00
baseline;5302.109;ack;0.10;0.11;0.02;100.00
baseline;5406.328;ack;0.26;0.13;0.05;100.00
baseline;5406.334;ping;0.26;0.15;0.07;100.00
baseline;5502.119;ack;0.12;0.14;0.06;100.00
baseline;5606.231;ack;0.17;0.15;0.05;100.00
baseline;5606.235;ping;0.17;0.15;0.04;100.00
baseline;5702.193;ack;0.14;0.15;0.04;100.00
baseline;5806.191;ack;0.13;0.15;0.03;100.00
baseline;5806.197;ping;0.14;0.15;0.02;100.00
baseline;5902.117;ack;0.10;0.14;0.03;100.00
baseline;6006.122;ack;0.12;0.14;0.03;100.00
baseline;6006.126;ping;0.13;0.14;0.02;100.00
baseline;6102.950;ack;0.11;0.13;0.02;100.00
baseline;6206.141;ack;0.11;0.13;0.02;100.00
baseline;6206.144;ping;0.12;0.13;0.02;100.00
baseline;6302.154;ack;0.10;0.13;0.02;100.00
baseline;6406.174;ack;0.12;0.12;0.02;100.00
baseline;6406.177;ping;0.12;0.12;0.02;100.00
baseline;6502.183;ack;0.12;0.12;0.01;100.00
baseline;6606.219;ack;0.14;0.13;0.01;100.00
baseline;6606.223;ping;0.15;0.13;0.02;100.00
baseline;6702.276;ack;0.14;0.13;0.02;100.00
baseline;6806.213;ack;0.16;0.13;0.02;100.00
baseline;6806.218;ping;0.16;0.14;0.02;100.00
baseline;6902.396;ack;0.30;0.16;0.06;100.00
baseline;7006.154;ack;0.13;0.15;0.05;100.00
baseline;7006.158;ping;0.14;0.15;0.04;100.00
baseline;7102.098;ack;0.09;0.14;0.05;100.00
baseline;7206.235;ack;0.18;0.15;0.04;100.00
baseline;7206.240;ping;0.18;0.15;0.04;100.00
baseline;7302.180;ack;0.14;0.15;0.03;100.00
baseline;7406.158;ack;0.13;0.15;0.03;100.00
baseline;7406.161;ping;0.13;0.15;0.03;100.00
baseline;7502.163;ack;0.14;0.14;0.02;100.00
baseline;7606.242;ack;0.15;0.14;0.02;100.00
baseline;7606.247;ping;0.15;0.15;0.02;100.00
baseline;7702.202;ack;0.12;0.14;0.02;100.00
baseline;7806.230;ack;0.16;0.14;0.02;100.00
baseline;7806.236;ping;0.16;0.15;0.02;100.00
baseline;7902.192;ack;0.12;0.14;0.02;100.00
baseline;8006.149;ack;0.12;0.14;0.02;100.00
baseline;8006.152;ping;0.13;0.14;0.02;100.00
baseline;8102.189;ack;0.12;0.14;0.02;100.00
baseline;8206.107;ack;0.11;0.13;0.02;100.00
baseline;8206.113;ping;0.12;0.13;0.02;100.00
baseline;8302.117;ack;0.09;0.13;0.02;100.00
baseline;8406.100;ack;0.11;0.12;0.02;100.00
baseline;8406.104;ping;0.11;0.12;0.02;100.00
baseline;8502.071;ack;0.09;0.12;0.02;100.00
baseline;8606.145;ack;0.11;0.12;0.02;100.00
baseline;8606.149;ping;0.12;0.12;0.01;100.00
baseline;8702.251;ack;0.13;0.12;0.01;100.00
baseline;8806.065;ack;0.09;0.12;0.02;100.00
baseline;8806.068;ping;0.09;0.11;0.02;100.00
baseline;8902.104;ack;0.10;0.11;0.02;100.00
baseline;9006.082;ack;0.09;0.11;0.02;100.00
baseline;9006.085;ping;0.09;0.11;0.02;100.00
baseline;9102.064;ack;0.07;0.10;0.02;100.00
baseline;9206.078;ack;0.09;0.10;0.02;100.00
baseline;9206.081;ping;0.09;0.10;0.02;100.00
baseline;9302.087;ack;0.07;0.10;0.02;100.00
baseline;9406.206;ack;0.11;0.10;0.02;100.00
baseline;9406.210;ping;0.12;0.10;0.02;100.00
baseline;9502.131;ack;0.09;0.10;0.02;100.00
baseline;9606.145;ack;0.11;0.10;0.02;100.00
baseline;9606.149;ping;0.12;0.10;0.02;100.00
baseline;9702.164;ack;0.10;0.10;0.01;100.00
baseline;9806.094;ack;0.09;0.10;0.01;100.00
baseline;9806.097;ping;0.09;0.10;0.01;100.00
baseline;9902.098;ack;0.07;0.10;0.02;100.00
baseline;10006.125;ack;0.11;0.10;0.02;100.00
baseline;10006.128;ping;0.12;0.10;0.02;100.00
baseline;10102.174;ack;0.11;0.10;0.02;100.00
baseline;10206.160;ack;0.11;0.10;0.01;100.00
baseline;10206.165;ping;0.12;0.11;0.01;100.00
baseline;10302.090;ack;0.07;0.10;0.02;100.00
baseline;10406.115;ack;0.11;0.10;0.02;100.00
baseline;10406.119;ping;0.12;0.10;0.02;100.00
baseline;10502.123;ack;0.09;0.10;0.01;100.00
baseline;10606.193;ack;0.14;0.11;0.02;100.00
baseline;10606.197;ping;0.15;0.11;0.03;100.00
baseline;10702.176;ack;0.10;0.11;0.02;100.00
baseline;10806.160;ack;0.13;0.11;0.02;100.00
baseline;10806.165;ping;0.14;0.12;0.02;100.00
baseline;10902.228;ack;0.15;0.12;0.03;100.00
baseline;11006.181;ack;0.13;0.12;0.02;100.00
baseline;11006.184;ping;0.13;0.12;0.02;100.00
baseline;11102.190;ack;0.12;0.12;0.01;100.00
baseline;11206.156;ack;0.13;0.12;0.01;100.00
baseline;11206.161;ping;0.14;0.12;0.01;100.00
baseline;11302.107;ack;0.09;0.12;0.02;100.00
baseline;11406.138;ack;0.12;0.12;0.01;100.00
baseline;11406.144;ping;0.12;0.12;0.01;100.00
baseline;11502.122;ack;0.10;0.12;0.01;100.00
baseline;11606.118;ack;0.11;0.12;0.01;100.00
baseline;11606.121;ping;0.12;0.12;0.01;100.00
baseline;11702.121;ack;0.11;0.12;0.01;100.00
baseline;11806.113;ack;0.11;0.12;0.01;100.00
baseline;11806.123;ping;0.12;0.12;0.01;100.00
baseline;11902.099;ack;0.09;0.11;0.01;100.00
baseline;12006.119;ack;0.12;0.11;0.01;100.00
baseline;12006.122;ping;0.12;0.12;0.01;100.00
baseline;12102.105;ack;0.09;0.11;0.01;100.00
baseline;12206.171;ack;0.14;0.12;0.02;100.00
baseline;12206.176;ping;0.15;0.12;0.02;100.00
baseline;12302.165;ack;0.12;0.12;0.02;100.00
baseline;12406.183;ack;0.14;0.12;0.02;100.00
baseline;12406.216;ping;0.18;0.13;0.03;100.00
baseline;12502.110;ack;0.09;0.13;0.03;100.00
baseline;12606.203;ack;0.15;0.13;0.03;100.00
baseline;12606.208;ping;0.15;0.13;0.03;100.00
baseline;12702.214;ack;0.15;0.13;0.03;100.00
baseline;12806.136;ack;0.11;0.13;0.02;100.00
baseline;12806.139;ping;0.12;0.13;0.02;100.00
baseline;12902.154;ack;0.12;0.13;0.02;100.00
baseline;13006.188;ack;0.15;0.13;0.02;100.00
baseline;13006.193;ping;0.16;0.13;0.02;100.00
baseline;13102.101;ack;0.10;0.13;0.03;100.00
baseline;13206.129;ack;0.12;0.13;0.02;100.00
baseline;13206.132;ping;0.12;0.13;0.02;100.00
baseline;13302.164;ack;0.14;0.13;0.02;100.00
baseline;13406.180;ack;0.15;0.13;0.02;100.00
baseline;13406.186;ping;0.16;0.13;0.02;100.00
baseline;13502.127;ack;0.10;0.13;0.02;100.00
baseline;13606.160;ack;0.11;0.13;0.02;100.00
baseline;13606.169;ping;0.12;0.13;0.02;100.00
baseline;13702.109;ack;0.11;0.13;0.02;100.00
baseline;13806.080;ack;0.09;0.12;0.02;100.00
baseline;13806.083;ping;0.09;0.12;0.02;100.00
baseline;13902.124;ack;0.09;0.11;0.02;100.00
baseline;14006.138;ack;0.11;0.11;0.02;100.00
baseline;14006.143;ping;0.12;0.11;0.01;100.00
baseline;14103.258;ack;0.13;0.12;0.01;100.00
baseline;14206.138;ack;0.11;0.12;0.01;100.00
baseline;14206.143;ping;0.12;0.12;0.01;100.00
baseline;14302.119;ack;0.09;0.11;0.01;100.00
baseline;14406.139;ack;0.11;0.11;0.01;100.00
baseline;14406.144;ping;0.12;0.11;0.01;100.00
baseline;14502.131;ack;0.09;0.11;0.01;100.00
baseline;14606.158;ack;0.13;0.11;0.01;100.00
baseline;14606.165;ping;0.14;0.12;0.02;100.00
baseline;14702.121;ack;0.10;0.11;0.02;100.00
baseline;14806.148;ack;0.12;0.11;0.01;100.00
baseline;14806.152;ping;0.12;0.12;0.01;100.00
baseline;14902.165;ack;0.12;0.12;0.01;100.00
baseline;15006.148;ack;0.11;0.12;0.01;100.00
baseline;15006.152;ping;0.12;0.12;0.01;100.00
baseline;15102.098;ack;0.08;0.11;0.02;100.00
baseline;15206.094;ack;0.09;0.11;0.02;100.00
baseline;15206.096;ping;0.09;0.11;0.02;100.00
baseline;15302.208;ack;0.10;0.11;0.01;100.00
baseline;15406.191;ack;0.12;0.11;0.01;100.00
baseline;15406.198;ping;0.13;0.11;0.01;100.00
baseline;15502.085;ack;0.07;0.11;0.02;100.00
baseline;15607.666;ack;0.12;0.11;0.02;100.00
baseline;15607.669;ping;0.12;0.11;0.02;100.00
baseline;15702.095;ack;0.09;0.11;0.02;100.00
baseline;15806.110;ack;0.08;0.10;0.02;100.00
baseline;15806.118;ping;0.09;0.10;0.02;100.00
baseline;15902.094;ack;0.08;0.10;0.02;100.00
baseline;16006.097;ack;0.09;0.10;0.02;100.00
baseline;16006.100;ping;0.10;0.10;0.01;100.00
baseline;16102.103;ack;0.07;0.09;0.02;100.00
baseline;16206.145;ack;0.09;0.09;0.01;100.00
baseline;16206.149;ping;0.09;0.09;0.01;100.00
baseline;16302.097;ack;0.08;0.09;0.01;100.00
baseline;16406.103;ack;0.09;0.09;0.01;100.00
baseline;16406.106;ping;0.09;0.09;0.01;100.00
baseline;16502.129;ack;0.08;0.09;0.01;100.00
baseline;16606.105;ack;0.09;0.09;0.01;100.00
baseline;16606.108;ping;0.10;0.09;0.01;100.00
baseline;16702.159;ack;0.09;0.09;0.00;100.00
baseline;16806.088;ack;0.09;0.09;0.00;100.00
baseline;16806.092;ping;0.10;0.09;0.00;100.00
baseline;16902.183;ack;0.10;0.09;0.00;100.00
baseline;17006.208;ack;0.12;0.10;0.01;100.00
baseline;17006.212;ping;0.12;0.10;0.01;100.00
baseline;17102.085;ack;0.08;0.10;0.02;100.00
baseline;17206.194;ack;0.12;0.10;0.02;100.00
baseline;17206.199;ping;0.13;0.10;0.02;100.00
baseline;17302.188;ack;0.10;0.10;0.02;100.00
baseline;17406.218;ack;0.14;0.11;0.02;100.00
baseline;17406.224;ping;0.15;0.11;0.03;100.00
baseline;17502.178;ack;0.11;0.11;0.02;100.00
baseline;17606.108;ack;0.10;0.11;0.02;100.00
baseline;17606.111;ping;0.10;0.11;0.02;100.00
baseline;17702.133;ack;0.07;0.10;0.02;100.00
baseline;17806.086;ack;0.09;0.10;0.02;100.00
baseline;17806.091;ping;0.10;0.10;0.02;100.00
baseline;17902.129;ack;0.07;0.10;0.02;100.00
baseline;18006.067;ack;0.08;0.10;0.02;100.00
baseline;18006.070;ping;0.09;0.10;0.02;100.00
baseline;18102.082;ack;0.07;0.09;0.02;100.00
baseline;18206.093;ack;0.10;0.09;0.02;100.00
baseline;18206.097;ping;0.10;0.09;0.01;100.00
baseline;18302.083;ack;0.08;0.09;0.01;100.00
baseline;18406.113;ack;0.11;0.09;0.01;100.00
baseline;18406.117;ping;0.11;0.10;0.02;100.00
baseline;18502.079;ack;0.07;0.09;0.02;100.00
baseline;18606.091;ack;0.09;0.09;0.01;100.00
baseline;18606.094;ping;0.09;0.09;0.01;100.00
baseline;18702.082;ack;0.07;0.09;0.01;100.00
baseline;18806.099;ack;0.09;0.09;0.01;100.00
baseline;18806.102;ping;0.09;0.09;0.01;100.00
baseline;18902.096;ack;0.09;0.09;0.01;100.00
baseline;19006.106;ack;0.08;0.09;0.01;100.00
baseline;19006.115;ping;0.09;0.09;0.01;100.00
baseline;19102.117;ack;0.08;0.09;0.01;100.00
baseline;19206.165;ack;0.12;0.09;0.01;100.00
baseline;19206.170;ping;0.13;0.10;0.02;100.00
baseline;19302.081;ack;0.07;0.09;0.02;100.00
baseline;19406.108;ack;0.11;0.10;0.02;100.00
baseline;19406.116;ping;0.12;0.10;0.02;100.00
baseline;19502.171;ack;0.11;0.10;0.02;100.00
baseline;19606.087;ack;0.09;0.10;0.02;100.00
baseline;19606.090;ping;0.10;0.10;0.01;100.00
baseline;19702.113;ack;0.09;0.10;0.01;100.00
baseline;19806.117;ack;0.11;0.10;0.01;100.00
baseline;19806.143;ping;0.14;0.10;0.02;100.00
baseline;19902.104;ack;0.09;0.10;0.02;100.00
loss_5;0.146;ack;0.10;0.10;0.05;100.00
loss_5;0.149;ping;0.10;0.10;0.04;100.00
loss_5;100.743;ack;0.07;0.10;0.04;100.00
loss_5;204.844;ack;0.11;0.10;0.03;100.00
loss_5;204.849;ping;0.12;0.10;0.03;100.00
loss_5;300.780;ack;0.08;0.10;0.03;100.00
loss_5;404.746;ack;0.10;0.10;0.02;100.00
loss_5;404.749;ping;0.10;0.10;0.02;100.00
loss_5;500.778;ack;0.10;0.10;0.01;100.00
loss_5;604.843;ping;0.12;0.10;0.01;100.00
loss_5;700.748;ack;0.08;0.10;0.02;100.00
loss_5;805.360;ack;0.50;0.15;0.11;100.00
loss_5;805.397;ping;0.54;0.20;0.18;100.00
loss_5;900.727;ack;0.08;0.18;0.17;100.00
loss_5;1004.759;ack;0.09;0.17;0.15;100.00
loss_5;1004.762;ping;0.09;0.16;0.13;100.00
loss_5;1100.733;ack;0.07;0.15;0.12;100.00
loss_5;1204.795;ack;0.09;0.14;0.11;100.00
loss_5;1204.798;ping;0.10;0.14;0.09;100.00
loss_5;1300.756;ack;0.08;0.13;0.08;100.00
loss_5;1404.834;ping;0.12;0.13;0.06;100.00
loss_5;1500.742;ack;0.07;0.12;0.06;100.00
loss_5;1604.837;ack;0.10;0.12;0.05;100.00
loss_5;1604.849;ping;0.12;0.12;0.04;100.00
loss_5;1700.707;ack;0.08;0.11;0.04;100.00
loss_5;1804.902;ack;0.11;0.11;0.03;100.00
loss_5;1804.916;ping;0.13;0.12;0.03;100.00
loss_5;1900.751;ack;0.09;0.11;0.03;100.00
loss_5;2004.809;ack;0.12;0.11;0.02;100.00
loss_5;2004.814;ping;0.12;0.11;0.02;100.00
loss_5;2100.812;ack;0.10;0.11;0.02;100.00
loss_5;2204.765;ack;0.10;0.11;0.02;100.00
loss_5;2204.767;ping;0.10;0.11;0.02;100.00
loss_5;2300.775;ack;0.10;0.11;0.02;100.00
loss_5;2404.854;ack;0.13;0.11;0.02;100.00
loss_5;2404.859;ping;0.14;0.11;0.02;100.00
loss_5;2500.805;ack;0.10;0.11;0.02;100.00
loss_5;2605.085;ping;0.17;0.12;0.03;100.00
loss_5;2700.812;ack;0.09;0.12;0.03;100.00
loss_5;2804.824;ack;0.10;0.11;0.03;100.00
loss_5;2804.827;ping;0.10;0.11;0.02;100.00
loss_5;2900.713;ack;0.08;0.11;0.03;100.00
loss_5;3004.844;ack;0.15;0.11;0.03;100.00
loss_5;3004.848;ping;0.16;0.12;0.03;100.00
loss_5;3100.820;ack;0.11;0.12;0.03;100.00
loss_5;3204.787;ping;0.10;0.12;0.02;100.00
loss_5;3300.804;ack;0.11;0.12;0.02;100.00
loss_5;3404.820;ping;0.12;0.12;0.01;100.00
loss_5;3500.755;ack;0.08;0.11;0.02;100.00
loss_5;3604.908;ack;0.16;0.12;0.03;100.00
loss_5;3604.914;ping;0.17;0.12;0.03;100.00
loss_5;3700.903;ack;0.12;0.12;0.03;100.00
loss_5;3804.804;ack;0.11;0.12;0.02;100.00
loss_5;3804.808;ping;0.12;0.12;0.02;100.00
loss_5;3900.776;ack;0.08;0.12;0.02;100.00
loss_5;4004.757;ack;0.09;0.11;0.02;100.00
loss_5;4004.759;ping;0.10;0.11;0.02;100.00
loss_5;4100.749;ack;0.09;0.11;0.02;100.00
loss_5;4204.804;ack;0.09;0.11;0.02;100.00
loss_5;4204.813;ping;0.10;0.11;0.02;100.00
loss_5;4300.811;ack;0.10;0.11;0.01;100.00
loss_5;4404.808;ack;0.11;0.11;0.01;100.00
loss_5;4404.812;ping;0.11;0.11;0.01;100.00
loss_5;4500.916;ack;0.12;0.11;0.01;100.00
loss_5;4604.810;ack;0.12;0.11;0.01;100.00
loss_5;4604.846;ping;0.16;0.12;0.02;100.00
loss_5;4700.836;ack;0.07;0.11;0.03;100.00
loss_5;4805.182;ping;0.09;0.11;0.02;100.00
loss_5;4900.820;ack;0.10;0.11;0.02;100.00
loss_5;5004.839;ack;0.10;0.11;0.02;100.00
loss_5;5004.852;ping;0.12;0.11;0.01;100.00
loss_5;5100.826;ack;0.09;0.11;0.01;100.00
loss_5;5204.787;ping;0.10;0.10;0.01;100.00
loss_5;5300.829;ack;0.10;0.10;0.01;100.00
loss_5;5404.820;ack;0.10;0.10;0.01;100.00
loss_5;5404.829;ping;0.11;0.10;0.01;100.00
loss_5;5500.815;ack;0.12;0.11;0.01;100.00
loss_5;5604.833;ack;0.13;0.11;0.01;100.00
loss_5;5604.836;ping;0.13;0.11;0.02;100.00
loss_5;5701.159;ack;0.14;0.12;0.02;100.00
loss_5;5804.864;ack;0.14;0.12;0.02;100.00
loss_5;5804.868;ping;0.15;0.12;0.02;100.00
loss_5;6004.861;ack;0.02;0.11;0.04;100.00
loss_5;6004.863;ping;0.03;0.10;0.05;100.00
loss_5;6100.864;ack;0.12;0.10;0.05;100.00
loss_5;6204.847;ack;0.14;0.11;0.04;100.00
loss_5;6204.850;ping;0.14;0.11;0.04;100.00
loss_5;6404.849;ack;0.07;0.11;0.04;100.00
loss_5;6404.851;ping;0.07;0.10;0.04;100.00
loss_5;6500.855;ack;0.12;0.11;0.03;100.00
loss_5;6604.900;ack;0.15;0.11;0.04;100.00
loss_5;6604.905;ping;0.16;0.12;0.04;100.00
loss_5;6702.009;ack;1.30;0.27;0.32;100.00
loss_5;6804.831;ack;0.12;0.25;0.28;100.00
loss_5;6804.834;ping;0.12;0.23;0.24;100.00
loss_5;6900.796;ack;0.10;0.21;0.21;100.00
loss_5;7004.802;ack;0.12;0.20;0.19;100.00
loss_5;7204.798;ack;0.07;0.19;0.17;100.00
loss_5;7300.794;ack;0.10;0.18;0.15;100.00
loss_5;7404.766;ack;0.11;0.17;0.13;100.00
loss_5;7404.772;ping;0.12;0.16;0.11;100.00
loss_5;7500.803;ack;0.11;0.15;0.09;100.00
loss_5;7604.767;ack;0.10;0.15;0.09;100.00
loss_5;7604.770;ping;0.10;0.14;0.08;100.00
loss_5;7700.710;ack;0.08;0.13;0.07;100.00
loss_5;7804.743;ack;0.09;0.13;0.07;100.00
loss_5;7804.746;ping;0.10;0.12;0.06;100.00
loss_5;7900.813;ack;0.09;0.12;0.05;100.00
loss_5;8004.751;ack;0.12;0.12;0.04;100.00
loss_5;8004.758;ping;0.12;0.12;0.03;100.00
loss_5;8101.037;ack;0.09;0.12;0.03;100.00
loss_5;8404.798;ack;0.03;0.11;0.04;100.00
loss_5;8404.810;ping;0.05;0.10;0.05;100.00
loss_5;8500.766;ack;0.10;0.10;0.04;100.00
loss_5;8604.835;ack;0.13;0.10;0.03;100.00
loss_5;8604.838;ping;0.13;0.11;0.03;100.00
loss_5;8700.829;ack;0.12;0.11;0.03;100.00
loss_5;8804.805;ping;0.11;0.11;0.02;100.00
loss_5;8900.973;ack;0.18;0.12;0.03;100.00
loss_5;9004.778;ack;0.10;0.11;0.03;100.00
loss_5;9004.787;ping;0.11;0.11;0.02;100.00
loss_5;9100.940;ack;0.19;0.12;0.04;100.00
loss_5;9204.790;ack;0.11;0.12;0.03;100.00
loss_5;9204.793;ping;0.11;0.12;0.02;100.00
loss_5;9300.841;ack;0.07;0.11;0.03;100.00
loss_5;9404.813;ack;0.11;0.11;0.02;100.00
loss_5;9404.817;ping;0.12;0.11;0.02;100.00
loss_5;9500.950;ack;0.17;0.12;0.03;100.00
loss_5;9604.839;ack;0.14;0.12;0.02;100.00
loss_5;9604.864;ping;0.16;0.13;0.03;100.00
loss_5;9700.788;ack;0.07;0.12;0.03;100.00
loss_5;9804.946;ack;0.17;0.13;0.04;100.00
loss_5;9804.952;ping;0.18;0.13;0.04;100.00
loss_5;9900.801;ack;0.10;0.13;0.04;100.00
loss_5;10004.760;ack;0.07;0.12;0.04;100.00
loss_5;10004.768;ping;0.08;0.12;0.04;100.00
loss_5;10100.815;ack;0.11;0.12;0.03;100.00
loss_5;10204.841;ack;0.14;0.12;0.03;100.00
loss_5;10204.845;ping;0.14;0.12;0.03;100.00
loss_5;10300.786;ack;0.09;0.12;0.03;100.00
loss_5;10404.779;ack;0.11;0.12;0.02;100.00
loss_5;10500.854;ack;0.12;0.12;0.02;100.00
loss_5;10604.798;ping;0.11;0.12;0.02;100.00
loss_5;10804.810;ack;0.03;0.11;0.03;100.00
loss_5;10804.818;ping;0.04;0.10;0.04;100.00
loss_5;10900.861;ack;0.10;0.10;0.03;100.00
loss_5;11004.837;ack;0.12;0.10;0.03;100.00
loss_5;11100.789;ack;0.11;0.10;0.02;100.00
loss_5;11204.797;ack;0.11;0.10;0.02;100.00
loss_5;11204.800;ping;0.11;0.10;0.02;100.00
loss_5;11300.823;ack;0.11;0.10;0.02;100.00
loss_5;11404.773;ack;0.09;0.10;0.01;100.00
loss_5;11404.794;ping;0.12;0.10;0.01;100.00
loss_5;11500.746;ack;0.07;0.10;0.02;100.00
loss_5;11604.842;ack;0.12;0.10;0.02;100.00
loss_5;11604.849;ping;0.13;0.11;0.02;100.00
loss_5;11700.764;ack;0.09;0.10;0.02;100.00
loss_5;11804.791;ping;0.09;0.10;0.02;100.00
loss_5;11900.919;ack;0.15;0.11;0.03;100.00
loss_5;12004.927;ack;0.20;0.12;0.04;100.00
loss_5;12004.936;ping;0.21;0.13;0.05;100.00
loss_5;12100.904;ack;0.15;0.13;0.04;100.00
loss_5;12204.926;ack;0.20;0.14;0.05;100.00
loss_5;12204.936;ping;0.21;0.15;0.05;100.00
loss_5;12300.834;ack;0.10;0.14;0.05;100.00
loss_5;12404.835;ack;0.12;0.14;0.05;100.00
loss_5;12404.840;ping;0.12;0.14;0.04;100.00
loss_5;12500.795;ack;0.10;0.13;0.04;100.00
loss_5;12604.911;ack;0.18;0.14;0.04;100.00
loss_5;12604.932;ping;0.20;0.15;0.05;100.00
loss_5;12700.918;ack;0.19;0.15;0.05;100.00
loss_5;12804.910;ack;0.19;0.16;0.04;100.00
loss_5;12804.918;ping;0.20;0.16;0.04;100.00
loss_5;12900.741;ack;0.07;0.15;0.06;100.00
loss_5;13004.769;ack;0.10;0.14;0.05;100.00
loss_5;13004.772;ping;0.10;0.14;0.05;100.00
loss_5;13100.725;ack;0.08;0.13;0.05;100.00
loss_5;13204.816;ping;0.12;0.13;0.04;100.00
loss_5;13300.754;ack;0.07;0.12;0.05;100.00
loss_5;13404.815;ack;0.12;0.12;0.04;100.00
loss_5;13404.823;ping;0.13;0.12;0.03;100.00
loss_5;13604.749;ack;0.03;0.11;0.05;100.00
loss_5;13604.768;ping;0.04;0.10;0.05;100.00
loss_5;13700.811;ack;0.09;0.10;0.04;100.00
loss_5;13804.823;ping;0.11;0.10;0.03;100.00
loss_5;13900.821;ack;0.09;0.10;0.03;100.00
loss_5;14004.814;ack;0.11;0.10;0.02;100.00
loss_5;14004.819;ping;0.12;0.10;0.02;100.00
loss_5;14100.888;ack;0.15;0.11;0.03;100.00
loss_5;14204.772;ack;0.10;0.11;0.02;100.00
loss_5;14204.775;ping;0.10;0.11;0.02;100.00
loss_5;14300.904;ack;0.17;0.12;0.03;100.00
loss_5;14404.904;ack;0.18;0.12;0.04;100.00
loss_5;14404.927;ping;0.21;0.13;0.05;100.00
loss_5;14500.883;ack;0.15;0.14;0.04;100.00
loss_5;14604.799;ack;0.12;0.13;0.04;100.00
loss_5;14604.803;ping;0.12;0.13;0.03;100.00
loss_5;14804.994;ack;0.10;0.13;0.03;100.00
loss_5;14804.997;ping;0.10;0.12;0.03;100.00
loss_5;14900.942;ack;0.17;0.13;0.04;100.00
loss_5;15004.784;ack;0.11;0.13;0.03;100.00
loss_5;15004.786;ping;0.11;0.13;0.03;100.00
loss_5;15101.015;ack;0.20;0.14;0.04;100.00
loss_5;15204.804;ack;0.11;0.13;0.04;100.00
loss_5;15204.851;ping;0.16;0.14;0.03;100.00
loss_5;15300.842;ack;0.12;0.13;0.03;100.00
loss_5;15404.918;ack;0.23;0.15;0.05;100.00
loss_5;15404.940;ping;0.26;0.16;0.06;100.00
loss_5;15500.790;ack;0.09;0.15;0.06;100.00
loss_5;15604.772;ack;0.11;0.15;0.06;100.00
loss_5;15604.775;ping;0.11;0.14;0.05;100.00
loss_5;15700.794;ack;0.09;0.14;0.05;100.00
loss_5;15804.754;ack;0.11;0.13;0.04;100.00
loss_5;15804.757;ping;0.12;0.13;0.04;100.00
loss_5;15900.771;ack;0.10;0.13;0.04;100.00
loss_5;16004.859;ack;0.20;0.14;0.05;100.00
loss_5;16100.769;ack;0.09;0.13;0.05;100.00
loss_5;16204.988;ack;0.32;0.15;0.08;100.00
loss_5;16204.993;ping;0.32;0.17;0.10;100.00
loss_5;16300.888;ack;0.17;0.17;0.08;100.00
loss_5;16404.905;ack;0.17;0.17;0.06;100.00
loss_5;16404.919;ping;0.19;0.18;0.05;100.00
loss_5;16500.887;ack;0.17;0.17;0.04;100.00
loss_5;16604.925;ack;0.18;0.18;0.03;100.00
loss_5;16604.933;ping;0.19;0.18;0.03;100.00
loss_5;16700.878;ack;0.14;0.17;0.03;100.00
loss_5;16804.784;ping;0.12;0.17;0.04;100.00
loss_5;16900.866;ack;0.15;0.16;0.03;100.00
loss_5;17004.760;ack;0.10;0.16;0.04;100.00
loss_5;17004.764;ping;0.11;0.15;0.04;100.00
loss_5;17100.894;ack;0.15;0.15;0.03;100.00
loss_5;17204.780;ack;0.10;0.14;0.04;100.00
loss_5;17204.818;ping;0.14;0.14;0.03;100.00
loss_5;17300.816;ack;0.13;0.14;0.02;100.00
loss_5;17404.866;ack;0.19;0.15;0.03;100.00
loss_5;17404.872;ping;0.19;0.15;0.03;100.00
loss_5;17500.916;ack;0.16;0.15;0.03;100.00
loss_5;17604.816;ack;0.13;0.15;0.03;100.00
loss_5;17604.831;ping;0.15;0.15;0.02;100.00
loss_5;17700.862;ack;0.16;0.15;0.02;100.00
loss_5;17804.911;ping;0.21;0.16;0.03;100.00
loss_5;17900.861;ack;0.14;0.16;0.02;100.00
loss_5;18004.928;ack;0.17;0.16;0.02;100.00
loss_5;18004.940;ping;0.18;0.16;0.02;100.00
loss_5;18204.763;ack;0.06;0.15;0.04;100.00
loss_5;18204.766;ping;0.07;0.14;0.05;100.00
loss_5;18300.887;ack;0.14;0.14;0.04;100.00
loss_5;18404.739;ack;0.09;0.13;0.04;100.00
loss_5;18404.743;ping;0.10;0.13;0.04;100.00
loss_5;18500.722;ack;0.09;0.12;0.04;100.00
loss_5;18604.754;ack;0.08;0.12;0.04;100.00
loss_5;18604.805;ping;0.14;0.12;0.03;100.00
loss_5;18804.870;ack;0.03;0.11;0.05;100.00
loss_5;18804.881;ping;0.04;0.10;0.05;100.00
loss_5;18900.830;ack;0.12;0.10;0.05;100.00
loss_5;19004.807;ack;0.10;0.10;0.04;100.00
loss_5;19004.814;ping;0.16;0.11;0.04;100.00
loss_5;19204.883;ack;0.16;0.12;0.04;100.00
loss_5;19204.891;ping;0.17;0.12;0.05;100.00
loss_5;19300.797;ack;0.12;0.12;0.04;100.00
loss_5;19404.823;ack;0.13;0.12;0.03;100.00
loss_5;19404.837;ping;0.15;0.13;0.03;100.00
loss_5;19500.738;ack;0.10;0.12;0.03;100.00
loss_5;19604.859;ack;0.15;0.13;0.03;100.00
loss_5;19604.872;ping;0.17;0.13;0.03;100.00
loss_5;19700.899;ack;0.15;0.14;0.03;100.00
loss_5;19805.033;ping;0.33;0.16;0.07;100.00
loss_5;19900.899;ack;0.17;0.16;0.05;100.00
loss_10;0.112;ping;0.10;0.10;0.05;100.00
loss_10;207.846;ack;0.02;0.09;0.05;100.00
loss_10;207.854;ping;0.03;0.08;0.05;100.00
loss_10;303.863;ack;0.14;0.09;0.06;100.00
loss_10;407.884;ack;0.19;0.10;0.07;100.00
loss_10;607.876;ack;0.03;0.09;0.07;100.00
loss_10;607.878;ping;0.03;0.08;0.07;100.00
loss_10;703.895;ack;0.17;0.09;0.07;100.00
loss_10;807.888;ping;0.10;0.10;0.06;100.00
loss_10;1007.844;ping;0.03;0.09;0.06;100.00
loss_10;1103.880;ack;0.14;0.09;0.06;100.00
loss_10;1200.273;ack;0.12;0.10;0.05;100.00
loss_10;1200.286;ping;0.14;0.10;0.05;100.00
loss_10;1303.895;ack;0.12;0.11;0.04;100.00
loss_10;1407.940;ack;0.13;0.11;0.04;100.00
loss_10;1407.943;ping;0.13;0.11;0.03;100.00
loss_10;1503.831;ack;0.13;0.11;0.03;100.00
loss_10;1607.824;ping;0.13;0.12;0.03;100.00
loss_10;1703.854;ack;0.10;0.11;0.03;100.00
loss_10;1807.931;ack;0.16;0.12;0.03;100.00
loss_10;1807.950;ping;0.18;0.13;0.04;100.00
loss_10;1903.773;ack;0.13;0.13;0.03;100.00
loss_10;2007.861;ack;0.15;0.13;0.03;100.00
loss_10;2007.864;ping;0.16;0.13;0.03;100.00
loss_10;2407.976;ping;0.04;0.12;0.04;100.00
loss_10;2607.865;ack;0.03;0.11;0.06;100.00
loss_10;2607.867;ping;0.03;0.10;0.06;100.00
loss_10;2703.884;ack;0.12;0.10;0.05;100.00
loss_10;2807.876;ack;0.12;0.10;0.04;100.00
loss_10;2807.878;ping;0.12;0.11;0.04;100.00
loss_10;2904.026;ack;0.21;0.12;0.05;100.00
loss_10;3007.821;ack;0.13;0.12;0.04;100.00
loss_10;3007.824;ping;0.14;0.12;0.04;100.00
loss_10;3103.796;ack;0.12;0.12;0.03;100.00
loss_10;3207.887;ack;0.11;0.12;0.02;100.00
loss_10;3207.904;ping;0.13;0.12;0.02;100.00
loss_10;3303.805;ack;0.10;0.12;0.02;100.00
loss_10;3407.874;ping;0.11;0.12;0.02;100.00
loss_10;3503.900;ack;0.12;0.12;0.01;100.00
loss_10;3607.980;ack;0.20;0.13;0.03;100.00
loss_10;3607.984;ping;0.20;0.14;0.04;100.00
loss_10;3703.861;ack;0.11;0.13;0.04;100.00
loss_10;3807.875;ack;0.10;0.13;0.04;100.00
loss_10;3807.884;ping;0.11;0.13;0.03;100.00
loss_10;3903.855;ack;0.11;0.12;0.03;100.00
loss_10;4007.843;ack;0.15;0.13;0.03;100.00
loss_10;4103.854;ack;0.11;0.13;0.03;100.00
loss_10;4207.839;ping;0.15;0.13;0.03;100.00
loss_10;4407.924;ack;0.08;0.12;0.03;100.00
loss_10;4407.932;ping;0.09;0.12;0.03;100.00
loss_10;4503.792;ack;0.11;0.12;0.03;100.00
loss_10;4607.784;ack;0.11;0.12;0.02;100.00
loss_10;4607.787;ping;0.12;0.12;0.02;100.00
loss_10;4807.906;ack;0.03;0.11;0.03;100.00
loss_10;4807.909;ping;0.03;0.10;0.04;100.00
loss_10;4903.802;ack;0.09;0.10;0.03;100.00
loss_10;5007.770;ping;0.11;0.10;0.03;100.00
loss_10;5103.838;ack;0.11;0.10;0.03;100.00
loss_10;5207.812;ack;0.10;0.10;0.02;100.00
loss_10;5207.814;ping;0.10;0.10;0.02;100.00
loss_10;5303.774;ack;0.11;0.10;0.01;100.00
loss_10;5407.800;ack;0.08;0.10;0.02;100.00
loss_10;5407.810;ping;0.09;0.10;0.01;100.00
loss_10;5503.804;ack;0.08;0.10;0.01;100.00
loss_10;5607.829;ack;0.11;0.10;0.01;100.00
loss_10;5607.846;ping;0.12;0.10;0.02;100.00
loss_10;5703.784;ack;0.08;0.10;0.02;100.00
loss_10;5807.785;ack;0.11;0.10;0.02;100.00
loss_10;5903.834;ack;0.11;0.10;0.02;100.00
loss_10;6007.822;ack;0.10;0.10;0.01;100.00
loss_10;6007.837;ping;0.12;0.10;0.01;100.00
loss_10;6207.814;ack;0.10;0.10;0.01;100.00
loss_10;6207.817;ping;0.10;0.10;0.01;100.00
loss_10;6303.813;ack;0.09;0.10;0.01;100.00
loss_10;6407.879;ack;0.22;0.12;0.04;100.00
loss_10;6503.864;ack;0.12;0.12;0.03;100.00
loss_10;6607.798;ack;0.09;0.11;0.03;100.00
loss_10;6607.802;ping;0.10;0.11;0.02;100.00
loss_10;6703.802;ack;0.08;0.11;0.03;100.00
loss_10;6807.799;ack;0.09;0.10;0.02;100.00
loss_10;6807.802;ping;0.10;0.10;0.02;100.00
loss_10;7007.909;ack;0.09;0.10;0.02;100.00
loss_10;7007.912;ping;0.09;0.10;0.02;100.00
loss_10;7103.779;ack;0.07;0.10;0.02;100.00
loss_10;7303.765;ack;0.08;0.10;0.02;100.00
loss_10;7503.779;ack;0.08;0.09;0.02;100.00
loss_10;7607.828;ack;0.10;0.09;0.02;100.00
loss_10;7607.844;ping;0.12;0.10;0.02;100.00
loss_10;7807.945;ping;0.04;0.09;0.03;100.00
loss_10;8007.902;ack;0.06;0.09;0.03;100.00
loss_10;8007.904;ping;0.06;0.08;0.03;100.00
loss_10;8103.888;ack;0.09;0.08;0.02;100.00
loss_10;8207.828;ack;0.08;0.08;0.02;100.00
loss_10;8207.831;ping;0.09;0.08;0.01;100.00
loss_10;8303.793;ack;0.10;0.09;0.01;100.00
loss_10;8407.802;ack;0.10;0.09;0.01;100.00
loss_10;8407.808;ping;0.11;0.09;0.02;100.00
loss_10;8503.778;ack;0.07;0.09;0.02;100.00
loss_10;8607.833;ack;0.09;0.09;0.01;100.00
loss_10;8807.911;ack;0.05;0.08;0.02;100.00
loss_10;8807.915;ping;0.05;0.08;0.02;100.00
loss_10;8903.868;ack;0.15;0.09;0.04;100.00
loss_10;9007.892;ack;0.16;0.10;0.04;100.00
loss_10;9007.897;ping;0.16;0.11;0.05;100.00
loss_10;9103.857;ack;0.12;0.11;0.04;100.00
loss_10;9207.865;ack;0.15;0.11;0.04;100.00
loss_10;9207.869;ping;0.15;0.12;0.04;100.00
loss_10;9303.871;ack;0.13;0.12;0.03;100.00
loss_10;9407.903;ack;0.17;0.13;0.04;100.00
loss_10;9407.909;ping;0.18;0.13;0.04;100.00
loss_10;9503.887;ack;0.12;0.13;0.03;100.00
loss_10;9607.882;ack;0.15;0.13;0.03;100.00
loss_10;9607.886;ping;0.16;0.14;0.03;100.00
loss_10;9703.893;ack;0.13;0.14;0.03;100.00
loss_10;9807.846;ack;0.13;0.14;0.02;100.00
loss_10;9807.850;ping;0.14;0.14;0.02;100.00
loss_10;9903.810;ack;0.10;0.13;0.02;100.00
loss_10;10007.823;ack;0.12;0.13;0.02;100.00
loss_10;10007.826;ping;0.12;0.13;0.02;100.00
loss_10;10207.850;ack;0.02;0.12;0.04;100.00
loss_10;10207.853;ping;0.03;0.10;0.05;100.00
loss_10;10407.840;ack;0.07;0.10;0.05;100.00
loss_10;10407.843;ping;0.08;0.10;0.04;100.00
loss_10;10607.790;ack;0.08;0.09;0.04;100.00
loss_10;10607.793;ping;0.08;0.09;0.03;100.00
loss_10;10703.837;ack;0.11;0.10;0.03;100.00
loss_10;10807.806;ack;0.14;0.10;0.03;100.00
loss_10;10807.817;ping;0.15;0.11;0.03;100.00
loss_10;10903.790;ack;0.07;0.10;0.04;100.00
loss_10;11007.814;ack;0.12;0.10;0.03;100.00
loss_10;11007.832;ping;0.14;0.11;0.03;100.00
loss_10;11103.800;ack;0.09;0.11;0.03;100.00
loss_10;11207.792;ack;0.09;0.10;0.03;100.00
loss_10;11207.795;ping;0.09;0.10;0.02;100.00
loss_10;11303.766;ack;0.07;0.10;0.02;100.00
loss_10;11407.862;ack;0.14;0.10;0.03;100.00
loss_10;11407.868;ping;0.14;0.11;0.03;100.00
loss_10;11503.756;ack;0.08;0.10;0.03;100.00
loss_10;11607.832;ack;0.11;0.11;0.02;100.00
loss_10;11607.836;ping;0.12;0.11;0.02;100.00
loss_10;11703.751;ack;0.08;0.10;0.02;100.00
loss_10;11807.824;ping;0.09;0.10;0.02;100.00
loss_10;11903.774;ack;0.09;0.10;0.02;100.00
loss_10;12007.730;ack;0.08;0.10;0.02;100.00
loss_10;12103.798;ack;0.07;0.09;0.02;100.00
loss_10;12207.730;ping;0.08;0.09;0.02;100.00
loss_10;12407.893;ack;0.12;0.10;0.02;100.00
loss_10;12407.900;ping;0.13;0.10;0.02;100.00
loss_10;12607.885;ack;0.12;0.10;0.02;100.00
loss_10;12607.892;ping;0.13;0.11;0.02;100.00
loss_10;12703.846;ack;0.14;0.11;0.03;100.00
loss_10;12807.771;ack;0.09;0.11;0.03;100.00
loss_10;12807.775;ping;0.09;0.10;0.02;100.00
loss_10;12904.384;ack;0.10;0.10;0.02;100.00
loss_10;13007.775;ack;0.09;0.10;0.02;100.00
loss_10;13007.778;ping;0.10;0.10;0.01;100.00
loss_10;13207.834;ping;0.03;0.09;0.03;100.00
loss_10;13303.772;ack;0.09;0.09;0.02;100.00
loss_10;13407.773;ack;0.08;0.09;0.02;100.00
loss_10;13607.916;ack;0.14;0.10;0.03;100.00
loss_10;13703.786;ack;0.09;0.10;0.02;100.00
loss_10;13807.853;ack;0.09;0.10;0.02;100.00
loss_10;13807.856;ping;0.09;0.09;0.01;100.00
loss_10;14008.038;ack;0.11;0.10;0.02;100.00
loss_10;14008.041;ping;0.12;0.10;0.02;100.00
loss_10;14103.862;ack;0.12;0.10;0.02;100.00
loss_10;14207.889;ack;0.11;0.10;0.01;100.00
loss_10;14207.909;ping;0.13;0.11;0.02;100.00
loss_10;14407.806;ping;0.03;0.10;0.03;100.00
loss_10;14503.841;ack;0.09;0.09;0.03;100.00
loss_10;14607.832;ack;0.09;0.09;0.02;100.00
loss_10;14607.835;ping;0.09;0.09;0.02;100.00
loss_10;14704.139;ack;0.09;0.09;0.01;100.00
loss_10;14807.806;ack;0.10;0.09;0.01;100.00
loss_10;14807.809;ping;0.10;0.10;0.01;100.00
loss_10;15012.706;ack;0.09;0.10;0.01;100.00
loss_10;15012.709;ping;0.10;0.10;0.01;100.00
loss_10;15107.776;ack;0.08;0.09;0.01;100.00
loss_10;15203.834;ack;0.15;0.10;0.02;100.00
loss_10;15203.840;ping;0.15;0.11;0.03;100.00
loss_10;15307.823;ack;0.07;0.10;0.03;100.00
loss_10;15403.782;ack;0.08;0.10;0.03;100.00
loss_10;15403.785;ping;0.09;0.10;0.02;100.00
loss_10;15507.804;ack;0.11;0.10;0.02;100.00
loss_10;15603.840;ack;0.10;0.10;0.02;100.00
loss_10;15603.849;ping;0.12;0.10;0.02;100.00
loss_10;15803.798;ack;0.12;0.10;0.02;100.00
loss_10;15803.802;ping;0.12;0.11;0.02;100.00
loss_10;16003.777;ack;0.11;0.11;0.01;100.00
loss_10;16003.780;ping;0.11;0.11;0.01;100.00
loss_10;16107.797;ack;0.09;0.11;0.01;100.00
loss_10;16203.768;ping;0.09;0.10;0.01;100.00
loss_10;16307.865;ack;0.02;0.09;0.03;100.00
loss_10;16403.825;ack;0.12;0.10;0.03;100.00
loss_10;16507.807;ack;0.11;0.10;0.03;100.00
loss_10;16603.819;ack;0.10;0.10;0.02;100.00
loss_10;16603.822;ping;0.11;0.10;0.02;100.00
loss_10;16707.830;ack;0.12;0.10;0.02;100.00
loss_10;16803.841;ack;0.13;0.11;0.02;100.00
loss_10;16803.845;ping;0.13;0.11;0.02;100.00
loss_10;16907.802;ack;0.12;0.11;0.02;100.00
loss_10;17003.799;ping;0.10;0.11;0.02;100.00
loss_10;17108.417;ack;0.02;0.10;0.04;100.00
loss_10;17203.846;ack;0.11;0.10;0.03;100.00
loss_10;17203.850;ping;0.11;0.10;0.02;100.00
loss_10;17403.818;ack;0.13;0.10;0.03;100.00
loss_10;17507.720;ack;0.07;0.10;0.03;100.00
loss_10;17603.759;ack;0.08;0.10;0.03;100.00
loss_10;17603.762;ping;0.08;0.10;0.02;100.00
loss_10;17803.781;ack;0.11;0.10;0.02;100.00
loss_10;17803.784;ping;0.12;0.10;0.02;100.00
loss_10;18003.871;ack;0.13;0.10;0.02;100.00
loss_10;18003.876;ping;0.14;0.11;0.03;100.00
loss_10;18107.948;ack;0.16;0.12;0.03;100.00
loss_10;18203.779;ping;0.08;0.11;0.03;100.00
loss_10;18403.753;ack;0.09;0.11;0.03;100.00
loss_10;18403.758;ping;0.10;0.11;0.03;100.00
loss_10;18507.815;ack;0.07;0.10;0.03;100.00
loss_10;18603.779;ack;0.08;0.10;0.03;100.00
loss_10;18603.782;ping;0.08;0.10;0.02;100.00
loss_10;18707.848;ack;0.11;0.10;0.02;100.00
loss_10;18907.801;ack;0.04;0.09;0.03;100.00
loss_10;19003.776;ack;0.08;0.09;0.02;100.00
loss_10;19003.779;ping;0.09;0.09;0.02;100.00
loss_10;19107.814;ack;0.09;0.09;0.02;100.00
loss_10;19203.861;ack;0.16;0.10;0.03;100.00
loss_10;19203.865;ping;0.17;0.11;0.04;100.00
loss_10;19307.791;ack;0.07;0.10;0.04;100.00
loss_10;19403.815;ping;0.13;0.11;0.04;100.00
loss_10;19603.792;ack;0.08;0.10;0.03;100.00
loss_10;19603.795;ping;0.09;0.10;0.03;100.00
loss_10;19707.782;ack;0.11;0.10;0.02;100.00
loss_10;19803.859;ack;0.15;0.11;0.03;100.00
loss_10;19803.864;ping;0.15;0.11;0.03;100.00
loss_10;19907.799;ack;0.10;0.11;0.03;100.00
loss_20;0.146;ping;0.13;0.13;0.06;100.00
loss_20;103.994;ack;0.07;0.12;0.06;100.00
loss_20;208.288;ack;0.02;0.11;0.07;100.00
loss_20;304.014;ack;0.13;0.11;0.06;100.00
loss_20;408.046;ping;0.16;0.12;0.06;100.00
loss_20;503.959;ack;0.10;0.11;0.05;100.00
loss_20;608.079;ack;0.14;0.12;0.04;100.00
loss_20;608.083;ping;0.15;0.12;0.04;100.00
loss_20;703.993;ack;0.11;0.12;0.03;100.00
loss_20;807.963;ping;0.11;0.12;0.03;100.00
loss_20;903.966;ack;0.10;0.12;0.03;100.00
loss_20;1007.982;ack;0.10;0.11;0.02;100.00
loss_20;1007.992;ping;0.11;0.11;0.02;100.00
loss_20;1104.021;ack;0.12;0.11;0.02;100.00
loss_20;1208.005;ack;0.14;0.12;0.02;100.00
loss_20;1208.008;ping;0.14;0.12;0.02;100.00
loss_20;1303.975;ack;0.10;0.12;0.02;100.00
loss_20;1407.957;ack;0.11;0.12;0.02;100.00
loss_20;1504.000;ack;0.11;0.12;0.01;100.00
loss_20;1704.040;ack;0.06;0.11;0.02;100.00
loss_20;1808.021;ack;0.13;0.11;0.02;100.00
loss_20;1904.017;ack;0.12;0.11;0.02;100.00
loss_20;2007.982;ack;0.14;0.12;0.02;100.00
loss_20;2104.000;ack;0.09;0.11;0.02;100.00
loss_20;2208.039;ack;0.11;0.11;0.02;100.00
loss_20;2407.981;ping;0.07;0.11;0.02;100.00
loss_20;2503.979;ack;0.09;0.11;0.02;100.00
loss_20;2608.351;ack;0.32;0.13;0.07;100.00
loss_20;2608.355;ping;0.33;0.16;0.10;100.00
loss_20;2704.031;ack;0.14;0.15;0.08;100.00
loss_20;2808.061;ack;0.14;0.15;0.06;100.00
loss_20;2903.964;ack;0.12;0.15;0.06;100.00
loss_20;3007.953;ack;0.10;0.14;0.05;100.00
loss_20;3104.012;ack;0.15;0.14;0.04;100.00
loss_20;3207.978;ack;0.11;0.14;0.04;100.00
loss_20;3207.982;ping;0.11;0.14;0.04;100.00
loss_20;3303.934;ack;0.08;0.13;0.04;100.00
loss_20;3607.985;ack;0.04;0.12;0.06;100.00
loss_20;3608.000;ping;0.05;0.11;0.06;100.00
loss_20;3703.904;ack;0.07;0.10;0.05;100.00
loss_20;3903.963;ack;0.10;0.10;0.04;100.00
loss_20;4007.891;ack;0.07;0.10;0.04;100.00
loss_20;4103.994;ack;0.07;0.10;0.03;100.00
loss_20;4207.955;ack;0.09;0.10;0.03;100.00
loss_20;4207.957;ping;0.10;0.10;0.02;100.00
loss_20;4407.961;ack;0.07;0.09;0.02;100.00
loss_20;4407.963;ping;0.07;0.09;0.02;100.00
loss_20;4607.954;ack;0.06;0.09;0.02;100.00
loss_20;4703.947;ack;0.07;0.08;0.02;100.00
loss_20;4807.930;ack;0.09;0.09;0.02;100.00
loss_20;4807.934;ping;0.10;0.09;0.02;100.00
loss_20;4904.014;ack;0.10;0.09;0.02;100.00
loss_20;5007.928;ack;0.09;0.09;0.01;100.00
loss_20;5103.929;ack;0.08;0.09;0.01;100.00
loss_20;5207.923;ack;0.08;0.09;0.01;100.00
loss_20;5207.933;ping;0.09;0.09;0.01;100.00
loss_20;5303.962;ack;0.10;0.09;0.01;100.00
loss_20;5408.007;ack;0.12;0.09;0.01;100.00
loss_20;5503.951;ack;0.09;0.09;0.01;100.00
loss_20;5608.062;ack;0.13;0.10;0.02;100.00
loss_20;5703.966;ack;0.11;0.10;0.02;100.00
loss_20;5807.997;ack;0.09;0.10;0.01;100.00
loss_20;5808.000;ping;0.10;0.10;0.01;100.00
loss_20;5903.938;ack;0.08;0.09;0.01;100.00
loss_20;6007.934;ack;0.09;0.09;0.01;100.00
loss_20;6007.950;ping;0.11;0.10;0.01;100.00
loss_20;6208.059;ack;0.11;0.10;0.01;100.00
loss_20;6303.941;ack;0.07;0.09;0.02;100.00
loss_20;6407.937;ping;0.11;0.10;0.02;100.00
loss_20;6503.925;ack;0.08;0.09;0.02;100.00
loss_20;6703.932;ack;0.08;0.09;0.02;100.00
loss_20;6807.946;ack;0.08;0.09;0.02;100.00
loss_20;6807.956;ping;0.09;0.09;0.01;100.00
loss_20;6904.010;ack;0.09;0.09;0.01;100.00
loss_20;7008.001;ack;0.13;0.09;0.02;100.00
loss_20;7008.007;ping;0.14;0.10;0.02;100.00
loss_20;7103.942;ack;0.07;0.10;0.02;100.00
loss_20;7208.007;ack;0.12;0.10;0.02;100.00
loss_20;7208.011;ping;0.12;0.10;0.02;100.00
loss_20;7304.016;ack;0.11;0.10;0.02;100.00
loss_20;7408.030;ping;0.14;0.11;0.02;100.00
loss_20;7608.048;ack;0.09;0.11;0.02;100.00
loss_20;7608.053;ping;0.10;0.10;0.02;100.00
loss_20;7704.037;ack;0.11;0.10;0.02;100.00
loss_20;7807.993;ack;0.10;0.10;0.01;100.00
loss_20;7808.025;ping;0.14;0.11;0.02;100.00
loss_20;7903.979;ack;0.11;0.11;0.01;100.00
loss_20;8007.941;ack;0.11;0.11;0.01;100.00
loss_20;8007.946;ping;0.12;0.11;0.01;100.00
loss_20;8207.982;ping;0.07;0.10;0.02;100.00
loss_20;8303.990;ack;0.09;0.10;0.02;100.00
loss_20;8608.048;ack;0.07;0.10;0.02;100.00
loss_20;8608.050;ping;0.07;0.09;0.02;100.00
loss_20;8807.978;ack;0.07;0.09;0.02;100.00
loss_20;8807.980;ping;0.07;0.09;0.02;100.00
loss_20;9007.968;ping;0.02;0.08;0.03;100.00
loss_20;9207.956;ack;0.06;0.08;0.03;100.00
loss_20;9207.959;ping;0.06;0.08;0.03;100.00
loss_20;9303.956;ack;0.08;0.08;0.02;100.00
loss_20;9407.991;ack;0.14;0.08;0.03;100.00
loss_20;9503.961;ack;0.09;0.08;0.02;100.00
loss_20;9607.938;ack;0.09;0.09;0.02;100.00
loss_20;9607.941;ping;0.10;0.09;0.02;100.00
loss_20;9703.934;ack;0.07;0.09;0.02;100.00
loss_20;9903.929;ack;0.09;0.09;0.01;100.00
loss_20;10007.951;ack;0.09;0.09;0.01;100.00
loss_20;10007.954;ping;0.10;0.09;0.01;100.00
loss_20;10207.995;ack;0.04;0.08;0.02;100.00
loss_20;10207.998;ping;0.04;0.08;0.03;100.00
loss_20;10303.935;ack;0.07;0.08;0.02;100.00
loss_20;10408.059;ack;0.14;0.08;0.03;100.00
loss_20;10408.064;ping;0.15;0.09;0.04;100.00
loss_20;10503.978;ack;0.10;0.09;0.03;100.00
loss_20;10601.721;ack;0.15;0.10;0.04;100.00
loss_20;10704.060;ack;0.12;0.10;0.03;100.00
loss_20;10807.996;ping;0.12;0.10;0.03;100.00
loss_20;10903.956;ack;0.09;0.10;0.02;100.00
loss_20;11007.956;ack;0.10;0.10;0.02;100.00
loss_20;11103.964;ack;0.09;0.10;0.02;100.00
loss_20;11208.076;ack;0.16;0.11;0.03;100.00
loss_20;11208.081;ping;0.16;0.12;0.03;100.00
loss_20;11304.070;ack;0.13;0.12;0.03;100.00
loss_20;11408.099;ack;0.16;0.12;0.03;100.00
loss_20;11408.105;ping;0.17;0.13;0.03;100.00
loss_20;11504.026;ack;0.09;0.12;0.04;100.00
loss_20;11608.041;ack;0.15;0.13;0.03;100.00
loss_20;11608.046;ping;0.15;0.13;0.03;100.00
loss_20;11807.996;ack;0.07;0.12;0.04;100.00
loss_20;11807.998;ping;0.07;0.12;0.04;100.00
loss_20;11903.980;ack;0.10;0.11;0.04;100.00
loss_20;12008.100;ack;0.18;0.12;0.04;100.00
loss_20;12008.105;ping;0.19;0.13;0.05;100.00
loss_20;12104.088;ack;0.14;0.13;0.04;100.00
loss_20;12208.036;ping;0.13;0.13;0.03;100.00
loss_20;12304.060;ack;0.15;0.13;0.03;100.00
loss_20;12408.013;ack;0.14;0.13;0.02;100.00
loss_20;12608.018;ack;0.09;0.13;0.03;100.00
loss_20;12808.073;ack;0.11;0.13;0.02;100.00
loss_20;12904.023;ack;0.10;0.12;0.02;100.00
loss_20;13008.030;ping;0.16;0.13;0.03;100.00
loss_20;13208.101;ping;0.05;0.12;0.04;100.00
loss_20;13304.058;ack;0.13;0.12;0.03;100.00
loss_20;13407.982;ack;0.10;0.12;0.03;100.00
loss_20;13407.985;ping;0.10;0.11;0.02;100.00
loss_20;13503.975;ack;0.11;0.11;0.02;100.00
loss_20;13608.041;ack;0.14;0.12;0.02;100.00
loss_20;13703.995;ack;0.12;0.12;0.02;100.00
loss_20;13807.978;ack;0.12;0.12;0.01;100.00
loss_20;13807.982;ping;0.12;0.12;0.01;100.00
loss_20;14007.987;ping;0.07;0.11;0.02;100.00
loss_20;14104.038;ack;0.12;0.11;0.02;100.00
loss_20;14208.025;ack;0.14;0.12;0.02;100.00
loss_20;14208.031;ping;0.15;0.12;0.02;100.00
loss_20;14400.120;ack;0.10;0.12;0.02;100.00
loss_20;14400.130;ping;0.11;0.12;0.02;100.00
loss_20;14504.055;ack;0.13;0.12;0.02;100.00
loss_20;14608.025;ack;0.14;0.12;0.02;100.00
loss_20;14608.029;ping;0.14;0.12;0.02;100.00
loss_20;14704.013;ack;0.13;0.12;0.01;100.00
loss_20;14808.055;ack;0.12;0.12;0.01;100.00
loss_20;14808.059;ping;0.12;0.12;0.01;100.00
loss_20;14904.044;ack;0.12;0.12;0.01;100.00
loss_20;15007.997;ack;0.12;0.12;0.01;100.00
loss_20;15008.001;ping;0.12;0.12;0.01;100.00
loss_20;15207.967;ack;0.07;0.11;0.02;100.00
loss_20;15207.969;ping;0.07;0.11;0.03;100.00
loss_20;15407.918;ack;0.03;0.10;0.04;100.00
loss_20;15407.922;ping;0.03;0.09;0.05;100.00
loss_20;15608.069;ping;0.08;0.09;0.04;100.00
loss_20;15808.057;ack;0.04;0.08;0.04;100.00
loss_20;15903.967;ack;0.10;0.09;0.04;100.00
loss_20;16008.003;ack;0.11;0.09;0.03;100.00
loss_20;16008.007;ping;0.11;0.09;0.03;100.00
loss_20;16103.940;ack;0.08;0.09;0.03;100.00
loss_20;16207.957;ping;0.12;0.09;0.03;100.00
loss_20;16304.032;ack;0.11;0.09;0.02;100.00
loss_20;16408.151;ack;0.15;0.10;0.03;100.00
loss_20;16408.189;ping;0.19;0.11;0.05;100.00
loss_20;16607.994;ack;0.06;0.11;0.05;100.00
loss_20;16607.996;ping;0.07;0.10;0.04;100.00
loss_20;16703.931;ack;0.08;0.10;0.04;100.00
loss_20;16903.927;ack;0.09;0.10;0.03;100.00
loss_20;17007.943;ack;0.10;0.10;0.02;100.00
loss_20;17208.091;ping;0.03;0.09;0.03;100.00
loss_20;17304.014;ack;0.13;0.09;0.04;100.00
loss_20;17407.980;ack;0.12;0.10;0.03;100.00
loss_20;17503.985;ack;0.11;0.10;0.03;100.00
loss_20;17607.959;ack;0.10;0.10;0.02;100.00
loss_20;17607.962;ping;0.11;0.10;0.02;100.00
loss_20;17704.068;ack;0.15;0.11;0.03;100.00
loss_20;17807.999;ack;0.11;0.11;0.02;100.00
loss_20;17903.991;ack;0.10;0.11;0.02;100.00
loss_20;18008.001;ack;0.12;0.11;0.02;100.00
loss_20;18008.004;ping;0.12;0.11;0.02;100.00
loss_20;18208.082;ack;0.12;0.11;0.02;100.00
loss_20;18208.085;ping;0.12;0.11;0.02;100.00
loss_20;18303.970;ack;0.09;0.11;0.02;100.00
loss_20;18408.007;ack;0.10;0.11;0.02;100.00
loss_20;18503.985;ack;0.09;0.11;0.02;100.00
loss_20;18704.021;ack;0.12;0.11;0.02;100.00
loss_20;19007.966;ack;0.03;0.10;0.03;100.00
loss_20;19103.967;ack;0.10;0.10;0.03;100.00
loss_20;19208.002;ping;0.12;0.10;0.03;100.00
loss_20;19303.949;ack;0.09;0.10;0.02;100.00
loss_20;19407.967;ping;0.09;0.10;0.02;100.00
loss_20;19608.282;ack;0.03;0.09;0.03;100.00
loss_20;19807.989;ping;0.07;0.09;0.03;100.00
loss_20;19903.994;ack;0.07;0.09;0.03;100.00
delay_100_loss_5;100.696;ack;100.68;100.68;50.34;302.04
delay_100_loss_5;100.753;ping;100.74;100.69;37.77;251.77
delay_100_loss_5;204.669;ack;103.95;101.10;29.14;217.67
delay_100_loss_5;308.660;ack;103.97;101.46;22.58;191.77
delay_100_loss_5;404.746;ack;104.11;101.79;17.60;172.18
delay_100_loss_5;508.673;ack;104.04;102.07;13.76;157.12
delay_100_loss_5;508.693;ping;104.07;102.32;10.82;145.60
delay_100_loss_5;604.798;ack;104.19;102.55;8.58;136.89
delay_100_loss_5;708.718;ack;104.06;102.74;6.81;130.00
delay_100_loss_5;708.745;ping;104.09;102.91;5.45;124.71
delay_100_loss_5;804.803;ack;104.13;103.06;4.39;120.63
delay_100_loss_5;908.724;ack;104.06;103.19;3.54;117.37
delay_100_loss_5;908.746;ping;104.09;103.30;2.88;114.84
delay_100_loss_5;1004.784;ack;104.11;103.40;2.37;112.87
delay_100_loss_5;1108.680;ack;104.03;103.48;1.93;111.21
delay_100_loss_5;1108.704;ping;104.06;103.55;1.59;109.93
delay_100_loss_5;1204.699;ack;104.05;103.62;1.32;108.89
delay_100_loss_5;1308.655;ack;104.06;103.67;1.10;108.07
delay_100_loss_5;1308.670;ping;104.07;103.72;0.93;107.42
delay_100_loss_5;1404.714;ack;104.09;103.77;0.79;106.91
delay_100_loss_5;1508.614;ack;104.01;103.80;0.65;106.40
delay_100_loss_5;1508.626;ping;104.02;103.83;0.54;106.00
delay_100_loss_5;1708.648;ack;104.02;103.85;0.46;105.68
delay_100_loss_5;1708.665;ping;104.04;103.87;0.39;105.44
delay_100_loss_5;1804.683;ack;104.07;103.90;0.34;105.27
delay_100_loss_5;1908.644;ack;104.05;103.92;0.29;105.09
delay_100_loss_5;1908.655;ping;104.06;103.93;0.26;104.96
delay_100_loss_5;2004.652;ack;104.00;103.94;0.21;104.78
delay_100_loss_5;2108.734;ping;104.07;103.96;0.19;104.71
delay_100_loss_5;2204.667;ack;104.06;103.97;0.17;104.63
delay_100_loss_5;2308.794;ack;104.11;103.99;0.16;104.63
delay_100_loss_5;2308.857;ping;104.18;104.01;0.17;104.68
delay_100_loss_5;2404.743;ack;104.11;104.02;0.15;104.62
delay_100_loss_5;2508.601;ack;103.97;104.02;0.13;104.52
delay_100_loss_5;2508.619;ping;103.99;104.02;0.10;104.42
delay_100_loss_5;2604.681;ack;104.08;104.02;0.09;104.39
delay_100_loss_5;2708.670;ack;104.08;104.03;0.08;104.36
delay_100_loss_5;2708.691;ping;104.10;104.04;0.08;104.36
delay_100_loss_5;2804.651;ack;104.00;104.03;0.07;104.31
delay_100_loss_5;2908.755;ack;104.09;104.04;0.07;104.30
delay_100_loss_5;2908.797;ping;104.13;104.05;0.07;104.34
delay_100_loss_5;3004.700;ack;104.04;104.05;0.06;104.28
delay_100_loss_5;3108.666;ping;103.94;104.04;0.07;104.32
delay_100_loss_5;3204.701;ack;104.09;104.04;0.07;104.31
delay_100_loss_5;3308.688;ack;103.97;104.03;0.07;104.31
delay_100_loss_5;3308.707;ping;103.99;104.03;0.06;104.28
delay_100_loss_5;3404.653;ack;104.00;104.03;0.06;104.25
delay_100_loss_5;3508.695;ack;104.03;104.03;0.04;104.19
delay_100_loss_5;3508.715;ping;104.05;104.03;0.04;104.18
delay_100_loss_5;3604.788;ack;104.13;104.04;0.05;104.26
delay_100_loss_5;3708.735;ack;104.09;104.05;0.05;104.25
delay_100_loss_5;3708.751;ping;104.11;104.05;0.05;104.27
delay_100_loss_5;3807.372;ack;106.54;104.37;0.66;107.02
delay_100_loss_5;3908.654;ack;101.27;103.98;1.27;109.07
delay_100_loss_5;3908.669;ping;101.28;103.64;1.63;110.15
delay_100_loss_5;4004.692;ack;103.85;103.67;1.27;108.76
delay_100_loss_5;4144.225;ack;139.62;108.16;9.94;147.94
delay_100_loss_5;4144.239;ping;139.64;112.10;15.33;173.41
delay_100_loss_5;4204.641;ack;104.02;111.09;13.51;165.14
delay_100_loss_5;4308.638;ack;103.98;110.20;11.91;157.85
delay_100_loss_5;4308.653;ping;104.00;109.42;10.48;151.36
delay_100_loss_5;4404.759;ack;104.14;108.76;9.18;145.50
delay_100_loss_5;4508.767;ack;104.13;108.19;8.05;140.37
delay_100_loss_5;4508.785;ping;104.16;107.68;7.04;135.85
delay_100_loss_5;4604.627;ack;103.96;107.22;6.21;132.06
delay_100_loss_5;4708.687;ack;104.03;106.82;5.45;128.63
delay_100_loss_5;4708.729;ping;104.08;106.48;4.78;125.58
delay_100_loss_5;4804.657;ack;104.01;106.17;4.20;122.96
delay_100_loss_5;4908.775;ack;104.10;105.91;3.67;120.57
delay_100_loss_5;4908.787;ping;104.11;105.68;3.20;118.48
delay_100_loss_5;5004.638;ack;104.04;105.48;2.81;116.72
delay_100_loss_5;5108.667;ack;104.01;105.30;2.47;115.19
delay_100_loss_5;5108.683;ping;104.03;105.14;2.17;113.82
delay_100_loss_5;5404.648;ack;104.04;105.00;1.90;112.62
delay_100_loss_5;5508.652;ack;103.99;104.87;1.68;111.60
delay_100_loss_5;5508.669;ping;104.01;104.77;1.48;110.67
delay_100_loss_5;5604.738;ack;104.11;104.68;1.27;109.77
delay_100_loss_5;5708.643;ack;104.00;104.60;1.12;109.10
delay_100_loss_5;5708.658;ping;104.02;104.53;0.99;108.48
delay_100_loss_5;5804.692;ack;104.06;104.47;0.86;107.90
delay_100_loss_5;5908.632;ack;103.92;104.40;0.78;107.52
delay_100_loss_5;5908.647;ping;103.94;104.34;0.70;107.14
delay_100_loss_5;6108.643;ack;104.02;104.30;0.60;106.72
delay_100_loss_5;6108.659;ping;104.04;104.27;0.52;106.34
delay_100_loss_5;6204.702;ack;104.08;104.25;0.44;105.99
delay_100_loss_5;6308.712;ack;103.99;104.21;0.39;105.78
delay_100_loss_5;6308.729;ping;104.01;104.19;0.34;105.56
delay_100_loss_5;6404.715;ack;104.08;104.18;0.28;105.31
delay_100_loss_5;6508.674;ack;103.94;104.15;0.27;105.23
delay_100_loss_5;6508.693;ping;103.96;104.12;0.25;105.12
delay_100_loss_5;6604.673;ack;104.09;104.12;0.20;104.90
delay_100_loss_5;6708.642;ack;103.95;104.10;0.19;104.85
delay_100_loss_5;6708.658;ping;103.97;104.08;0.17;104.78
delay_100_loss_5;6804.669;ack;104.05;104.08;0.14;104.63
delay_100_loss_5;6908.634;ack;104.05;104.07;0.11;104.52
delay_100_loss_5;7004.615;ack;104.02;104.07;0.10;104.46
delay_100_loss_5;7108.624;ack;104.00;104.06;0.09;104.42
delay_100_loss_5;7108.639;ping;104.01;104.05;0.08;104.37
delay_100_loss_5;7204.604;ack;104.02;104.05;0.07;104.32
delay_100_loss_5;7308.681;ack;104.07;104.05;0.06;104.27
delay_100_loss_5;7308.700;ping;104.09;104.06;0.05;104.26
delay_100_loss_5;7404.674;ack;104.06;104.06;0.04;104.21
delay_100_loss_5;7508.630;ack;103.94;104.04;0.06;104.27
delay_100_loss_5;7508.641;ping;103.95;104.03;0.06;104.29
delay_100_loss_5;7604.675;ack;104.07;104.04;0.06;104.27
delay_100_loss_5;7708.656;ping;103.97;104.03;0.06;104.27
delay_100_loss_5;7804.630;ack;103.98;104.02;0.06;104.25
delay_100_loss_5;7908.775;ping;104.13;104.03;0.07;104.32
delay_100_loss_5;8004.715;ack;104.11;104.04;0.07;104.34
delay_100_loss_5;8108.720;ack;103.99;104.04;0.07;104.31
delay_100_loss_5;8204.776;ack;104.16;104.05;0.08;104.38
delay_100_loss_5;8308.664;ack;103.98;104.04;0.08;104.36
delay_100_loss_5;8308.678;ping;103.99;104.04;0.07;104.33
delay_100_loss_5;8404.630;ack;103.91;104.02;0.09;104.37
delay_100_loss_5;8508.696;ack;104.05;104.02;0.07;104.31
delay_100_loss_5;8508.717;ping;104.08;104.03;0.07;104.30
delay_100_loss_5;8604.769;ack;104.12;104.04;0.07;104.33
delay_100_loss_5;8708.698;ack;104.04;104.04;0.05;104.26
delay_100_loss_5;8708.719;ping;104.06;104.04;0.05;104.23
delay_100_loss_5;8804.692;ack;104.08;104.05;0.04;104.22
delay_100_loss_5;8908.743;ack;104.14;104.06;0.06;104.28
delay_100_loss_5;8908.765;ping;104.17;104.07;0.07;104.35
delay_100_loss_5;9004.671;ack;104.01;104.07;0.07;104.33
delay_100_loss_5;9108.637;ack;104.05;104.06;0.05;104.28
delay_100_loss_5;9108.652;ping;104.07;104.06;0.04;104.23
delay_100_loss_5;9204.754;ack;104.16;104.08;0.06;104.30
delay_100_loss_5;9308.686;ack;104.07;104.08;0.04;104.24
delay_100_loss_5;9308.704;ping;104.10;104.08;0.04;104.22
delay_100_loss_5;9404.728;ack;104.05;104.08;0.03;104.21
delay_100_loss_5;9509.121;ack;104.30;104.10;0.08;104.43
delay_100_loss_5;9509.157;ping;104.34;104.13;0.12;104.62
delay_100_loss_5;9604.709;ack;104.08;104.13;0.10;104.54
delay_100_loss_5;9708.659;ack;103.93;104.10;0.13;104.61
delay_100_loss_5;9708.678;ping;103.95;104.08;0.13;104.62
delay_100_loss_5;9804.701;ack;104.09;104.08;0.10;104.50
delay_100_loss_5;9908.674;ping;104.08;104.08;0.08;104.39
delay_100_loss_5;10004.664;ack;104.05;104.08;0.07;104.35
delay_100_loss_5;10108.673;ack;103.99;104.07;0.07;104.36
delay_100_loss_5;10108.690;ping;104.01;104.06;0.07;104.34
delay_100_loss_5;10204.847;ack;104.20;104.08;0.09;104.43
delay_100_loss_5;10308.675;ack;103.81;104.04;0.13;104.58
delay_100_loss_5;10308.696;ping;103.83;104.02;0.15;104.63
delay_100_loss_5;10404.710;ack;104.08;104.03;0.13;104.55
delay_100_loss_5;10508.681;ack;103.95;104.02;0.12;104.49
delay_100_loss_5;10508.699;ping;103.97;104.01;0.10;104.41
delay_100_loss_5;10708.652;ack;104.02;104.01;0.08;104.32
delay_100_loss_5;10708.669;ping;104.04;104.01;0.07;104.28
delay_100_loss_5;10804.739;ack;104.12;104.03;0.08;104.33
delay_100_loss_5;10909.203;ping;104.44;104.08;0.16;104.72
delay_100_loss_5;11004.715;ack;104.03;104.07;0.13;104.60
delay_100_loss_5;11108.649;ping;104.04;104.07;0.11;104.50
delay_100_loss_5;11204.658;ack;103.87;104.05;0.13;104.56
delay_100_loss_5;11308.622;ack;103.94;104.03;0.12;104.52
delay_100_loss_5;11404.648;ack;104.03;104.03;0.09;104.40
delay_100_loss_5;11508.737;ack;104.07;104.04;0.08;104.35
delay_100_loss_5;11604.790;ack;104.11;104.05;0.08;104.36
delay_100_loss_5;11708.719;ack;104.10;104.05;0.07;104.34
delay_100_loss_5;11708.740;ping;104.12;104.06;0.07;104.35
delay_100_loss_5;11804.645;ack;104.04;104.06;0.06;104.30
delay_100_loss_5;11908.700;ack;104.04;104.06;0.05;104.26
delay_100_loss_5;12004.695;ack;104.04;104.05;0.04;104.22
delay_100_loss_5;12108.706;ack;104.11;104.06;0.05;104.24
delay_100_loss_5;12108.729;ping;104.14;104.07;0.05;104.28
delay_100_loss_5;12204.715;ack;104.08;104.07;0.04;104.24
delay_100_loss_5;12308.674;ack;103.94;104.06;0.07;104.32
delay_100_loss_5;12308.693;ping;103.96;104.04;0.07;104.34
delay_100_loss_5;12508.632;ack;104.03;104.04;0.06;104.27
delay_100_loss_5;12508.647;ping;104.05;104.04;0.05;104.22
delay_100_loss_5;12604.704;ack;104.12;104.05;0.05;104.27
delay_100_loss_5;12708.740;ack;104.01;104.05;0.05;104.25
delay_100_loss_5;12708.762;ping;104.04;104.05;0.04;104.21
delay_100_loss_5;12908.664;ack;104.07;104.05;0.04;104.19
delay_100_loss_5;12908.692;ping;104.10;104.06;0.04;104.22
delay_100_loss_5;13004.739;ack;104.08;104.06;0.04;104.21
delay_100_loss_5;13108.721;ack;104.09;104.06;0.04;104.21
delay_100_loss_5;13108.751;ping;104.12;104.07;0.04;104.24
delay_100_loss_5;13204.702;ack;104.07;104.07;0.03;104.20
delay_100_loss_5;13308.690;ack;103.97;104.06;0.05;104.26
delay_100_loss_5;13308.721;ping;104.00;104.05;0.05;104.26
delay_100_loss_5;13404.854;ack;104.17;104.07;0.07;104.34
delay_100_loss_5;13508.723;ping;104.01;104.06;0.06;104.32
delay_100_loss_5;13604.691;ack;104.00;104.05;0.06;104.30
delay_100_loss_5;13708.658;ack;103.94;104.04;0.07;104.34
delay_100_loss_5;13708.676;ping;103.96;104.03;0.07;104.33
delay_100_loss_5;13804.642;ack;103.97;104.02;0.07;104.30
delay_100_loss_5;13912.696;ack;108.03;104.52;1.06;108.75
delay_100_loss_5;13912.714;ping;108.06;104.96;1.68;111.67
delay_100_loss_5;14008.644;ack;104.03;104.85;1.49;110.80
delay_100_loss_5;14104.658;ack;104.05;104.75;1.32;110.01
delay_100_loss_5;14208.666;ack;103.99;104.65;1.18;109.36
delay_100_loss_5;14304.673;ack;104.00;104.57;1.05;108.75
delay_100_loss_5;14304.677;ping;104.01;104.50;0.93;108.20
delay_100_loss_5;14408.647;ack;104.06;104.45;0.80;107.67
delay_100_loss_5;14504.650;ack;104.00;104.39;0.72;107.25
delay_100_loss_5;14504.677;ping;104.03;104.35;0.63;106.85
delay_100_loss_5;14608.677;ack;104.00;104.30;0.56;106.52
delay_100_loss_5;14704.714;ack;104.09;104.28;0.47;106.16
delay_100_loss_5;14704.718;ping;104.09;104.25;0.40;105.85
delay_100_loss_5;14808.637;ack;104.02;104.22;0.36;105.65
delay_100_loss_5;14904.629;ack;104.02;104.20;0.32;105.47
delay_100_loss_5;14904.649;ping;104.05;104.18;0.28;105.29
delay_100_loss_5;15008.628;ack;103.98;104.15;0.26;105.18
delay_100_loss_5;15104.677;ack;104.09;104.15;0.21;104.98
delay_100_loss_5;15208.681;ack;103.98;104.13;0.20;104.92
delay_100_loss_5;15304.694;ack;104.08;104.12;0.16;104.76
delay_100_loss_5;15304.723;ping;104.11;104.12;0.12;104.61
delay_100_loss_5;15408.658;ack;103.94;104.10;0.14;104.64
delay_100_loss_5;15504.734;ack;104.08;104.09;0.11;104.52
delay_100_loss_5;15504.738;ping;104.08;104.09;0.08;104.42
delay_100_loss_5;15608.658;ack;104.03;104.09;0.08;104.40
delay_100_loss_5;15704.726;ping;104.09;104.09;0.06;104.33
delay_100_loss_5;15808.706;ack;104.08;104.09;0.05;104.27
delay_100_loss_5;15904.630;ack;104.01;104.08;0.05;104.29
delay_100_loss_5;15904.652;ping;104.03;104.07;0.05;104.28
delay_100_loss_5;16008.705;ack;104.06;104.07;0.04;104.24
delay_100_loss_5;16104.640;ack;103.97;104.06;0.06;104.28
delay_100_loss_5;16104.663;ping;103.99;104.05;0.06;104.28
delay_100_loss_5;16304.610;ack;103.93;104.03;0.07;104.33
delay_100_loss_5;16304.628;ping;103.95;104.02;0.08;104.33
delay_100_loss_5;16408.611;ack;103.99;104.02;0.07;104.28
delay_100_loss_5;16504.609;ack;104.02;104.02;0.05;104.22
delay_100_loss_5;16504.628;ping;104.04;104.02;0.04;104.20
delay_100_loss_5;16608.636;ack;104.01;104.02;0.04;104.16
delay_100_loss_5;16704.713;ack;103.87;104.00;0.06;104.26
delay_100_loss_5;16808.648;ack;104.02;104.00;0.05;104.21
delay_100_loss_5;16904.660;ack;104.03;104.01;0.04;104.18
delay_100_loss_5;16904.681;ping;104.05;104.01;0.04;104.19
delay_100_loss_5;17008.650;ack;103.97;104.01;0.04;104.18
delay_100_loss_5;17104.711;ack;104.09;104.02;0.05;104.23
delay_100_loss_5;17104.741;ping;104.12;104.03;0.06;104.29
delay_100_loss_5;17208.685;ack;103.95;104.02;0.07;104.29
delay_100_loss_5;17304.709;ack;104.07;104.03;0.06;104.28
delay_100_loss_5;17304.743;ping;104.11;104.04;0.07;104.30
delay_100_loss_5;17408.667;ack;103.93;104.02;0.08;104.33
delay_100_loss_5;17504.669;ack;104.03;104.02;0.06;104.26
delay_100_loss_5;17504.697;ping;104.06;104.03;0.05;104.24
delay_100_loss_5;17704.664;ack;103.68;103.98;0.13;104.49
delay_100_loss_5;17704.690;ping;103.71;103.95;0.16;104.60
delay_100_loss_5;17808.651;ack;103.97;103.95;0.13;104.46
delay_100_loss_5;17904.639;ping;104.01;103.96;0.11;104.39
delay_100_loss_5;18008.628;ack;103.98;103.96;0.09;104.31
delay_100_loss_5;18104.729;ping;104.11;103.98;0.10;104.39
delay_100_loss_5;18208.678;ack;104.03;103.99;0.09;104.34
delay_100_loss_5;18304.710;ack;104.09;104.00;0.09;104.37
delay_100_loss_5;18408.697;ack;104.09;104.01;0.09;104.38
delay_100_loss_5;18504.615;ping;103.94;104.00;0.09;104.35
delay_100_loss_5;18608.686;ack;104.06;104.01;0.08;104.32
delay_100_loss_5;18704.765;ack;104.12;104.02;0.09;104.37
delay_100_loss_5;18704.771;ping;104.13;104.04;0.09;104.40
delay_100_loss_5;18808.683;ack;104.03;104.04;0.07;104.31
delay_100_loss_5;18904.696;ack;104.04;104.04;0.05;104.25
delay_100_loss_5;18904.727;ping;104.08;104.04;0.05;104.24
delay_100_loss_5;19008.645;ack;103.93;104.03;0.07;104.29
delay_100_loss_5;19104.653;ack;103.98;104.02;0.06;104.27
delay_100_loss_5;19104.679;ping;104.01;104.02;0.05;104.21
delay_100_loss_5;19208.616;ack;103.94;104.01;0.06;104.23
delay_100_loss_5;19304.672;ack;104.05;104.01;0.05;104.22
delay_100_loss_5;19304.703;ping;104.08;104.02;0.05;104.24
delay_100_loss_5;19408.625;ack;104.04;104.02;0.04;104.20
delay_100_loss_5;19504.632;ack;104.05;104.03;0.04;104.19
delay_100_loss_5;19504.656;ping;104.08;104.03;0.04;104.20
delay_100_loss_5;19608.668;ack;104.02;104.03;0.04;104.17
delay_100_loss_5;19704.647;ping;104.01;104.03;0.03;104.16
delay_100_loss_5;19808.664;ack;104.01;104.03;0.03;104.14
delay_100_loss_5;19904.787;ack;104.19;104.05;0.06;104.29
delay_100_loss_5;19904.823;ping;104.22;104.07;0.09;104.43
delay_100_loss_5;20008.665;ack;103.85;104.04;0.12;104.53
jitter_loss_10;52.553;ack;52.53;52.53;26.27;157.60
jitter_loss_10;116.486;ping;116.47;60.53;35.68;203.26
jitter_loss_10;164.586;ack;64.14;60.98;27.67;171.65
jitter_loss_10;316.478;ack;112.01;67.36;33.51;201.39
jitter_loss_10;396.543;ack;96.12;70.95;32.32;200.24
jitter_loss_10;484.552;ack;80.09;72.10;26.53;178.20
jitter_loss_10;508.534;ping;104.08;76.09;27.89;187.65
jitter_loss_10;636.529;ack;135.94;83.57;35.88;227.09
jitter_loss_10;724.481;ping;119.98;88.12;36.01;232.17
jitter_loss_10;780.534;ack;80.09;87.12;29.02;203.19
jitter_loss_10;860.595;ack;56.16;83.25;29.50;201.26
jitter_loss_10;949.627;ping;145.20;90.99;37.61;241.44
jitter_loss_10;1068.478;ping;64.05;87.63;34.95;227.41
jitter_loss_10;1140.469;ack;136.04;93.68;38.31;246.93
jitter_loss_10;1340.459;ping;136.03;98.97;39.32;256.26
jitter_loss_10;1396.454;ack;96.02;98.60;30.23;219.52
jitter_loss_10;1492.478;ack;88.05;97.28;25.31;198.53
jitter_loss_10;1524.460;ping;120.03;100.13;24.67;198.81
jitter_loss_10;1604.467;ack;104.01;100.61;19.47;178.51
jitter_loss_10;1677.011;ping;72.53;97.10;21.63;183.60
jitter_loss_10;1677.022;ack;72.54;94.03;22.36;183.47
jitter_loss_10;1772.467;ack;72.04;91.28;22.27;180.36
jitter_loss_10;1892.470;ack;88.04;90.88;17.51;160.93
jitter_loss_10;1940.470;ping;136.04;96.52;24.42;194.22
jitter_loss_10;2044.471;ack;142.67;102.29;29.86;221.72
jitter_loss_10;2076.485;ping;72.00;98.51;29.96;218.36
jitter_loss_10;2324.573;ack;120.13;101.21;27.88;212.72
jitter_loss_10;2388.533;ack;88.03;99.56;24.20;196.38
jitter_loss_10;2476.524;ack;72.07;96.12;25.03;196.23
jitter_loss_10;2516.521;ping;112.07;98.12;22.76;189.14
jitter_loss_10;2604.505;ack;104.05;98.86;18.55;173.05
jitter_loss_10;2692.460;ack;88.04;97.51;16.62;163.97
jitter_loss_10;2756.493;ping;152.08;104.33;26.10;208.75
jitter_loss_10;2828.461;ack;127.94;107.28;25.48;209.20
jitter_loss_10;2924.504;ack;120.02;108.87;22.30;198.05
jitter_loss_10;2948.442;ping;143.96;113.26;25.49;215.23
jitter_loss_10;3076.470;ack;72.02;108.10;29.43;225.82
jitter_loss_10;3124.464;ping;120.01;109.59;25.05;209.79
jitter_loss_10;3188.548;ack;88.12;106.91;24.16;203.53
jitter_loss_10;3292.450;ping;87.97;104.54;22.85;195.94
jitter_loss_10;3348.460;ack;143.98;109.47;27.00;217.46
jitter_loss_10;3436.504;ack;136.07;112.79;26.90;220.39
jitter_loss_10;3556.482;ack;152.03;117.70;29.98;237.63
jitter_loss_10;3580.519;ack;80.08;113.00;31.89;240.56
jitter_loss_10;3684.469;ack;80.00;108.87;32.17;237.54
jitter_loss_10;3708.454;ping;103.98;108.26;25.35;209.65
jitter_loss_10;3788.457;ack;88.04;105.73;24.07;202.00
jitter_loss_10;3900.544;ack;96.10;104.53;20.46;186.36
jitter_loss_10;3940.485;ping;136.04;108.47;23.22;201.35
jitter_loss_10;4084.525;ping;80.05;104.92;24.52;203.00
jitter_loss_10;4124.536;ack;120.06;106.81;22.18;195.51
jitter_loss_10;4244.482;ack;144.00;111.46;25.93;215.18
jitter_loss_10;4268.465;ack;64.03;105.53;31.30;230.75
jitter_loss_10;4428.461;ack;127.85;108.32;29.06;224.55
jitter_loss_10;4468.490;ack;63.98;102.78;32.88;234.29
jitter_loss_10;4532.509;ping;128.00;105.93;30.97;229.79
jitter_loss_10;4668.493;ack;64.04;100.69;33.70;235.48
jitter_loss_10;4708.510;ping;104.06;101.12;26.11;205.57
jitter_loss_10;4852.536;ack;152.05;107.48;32.32;236.76
jitter_loss_10;4892.471;ping;87.98;105.04;29.12;221.51
jitter_loss_10;4916.506;ack;112.01;105.91;23.58;200.23
jitter_loss_10;4980.470;ack;80.04;102.68;24.15;199.29
jitter_loss_10;5140.498;ack;136.06;106.85;26.46;212.69
jitter_loss_10;5164.460;ack;64.03;101.50;30.55;223.71
jitter_loss_10;5276.463;ack;72.04;97.82;30.28;218.93
jitter_loss_10;5340.447;ping;136.03;102.59;32.26;231.64
jitter_loss_10;5372.507;ack;72.10;98.78;31.82;226.06
jitter_loss_10;5468.508;ping;64.04;94.44;32.55;224.64
jitter_loss_10;5492.523;ack;88.05;93.64;26.01;197.68
jitter_loss_10;5564.543;ack;64.06;89.94;26.90;197.55
jitter_loss_10;5676.471;ack;72.01;87.70;24.66;186.34
jitter_loss_10;5836.721;ack;136.29;93.77;30.64;216.34
jitter_loss_10;5900.560;ping;96.12;94.07;23.57;188.35
jitter_loss_10;5932.444;ack;128.00;98.31;26.16;202.96
jitter_loss_10;6052.532;ack;152.06;105.03;33.06;237.26
jitter_loss_10;6092.513;ping;88.08;102.91;29.03;219.03
jitter_loss_10;6132.456;ack;128.03;106.05;28.05;218.25
jitter_loss_10;6156.455;ack;55.98;99.79;33.56;234.01
jitter_loss_10;6308.445;ping;104.00;100.32;26.22;205.19
jitter_loss_10;6420.517;ack;120.10;102.79;24.61;201.23
jitter_loss_10;6484.504;ack;80.09;99.95;24.13;196.48
jitter_loss_10;6516.480;ping;112.07;101.47;21.13;185.98
jitter_loss_10;6636.461;ack;136.02;105.79;24.48;203.72
jitter_loss_10;6724.536;ping;120.09;107.57;21.94;195.32
jitter_loss_10;6740.520;ack;136.07;111.13;23.58;205.44
jitter_loss_10;6796.575;ack;96.19;109.27;21.42;194.95
jitter_loss_10;6892.532;ping;88.11;106.62;21.35;192.03
jitter_loss_10;6940.472;ack;136.05;110.30;23.37;203.79
jitter_loss_10;7020.478;ack;119.99;111.51;19.95;191.31
jitter_loss_10;7068.469;ping;64.05;105.58;26.83;212.89
jitter_loss_10;7292.461;ping;88.06;103.39;24.50;201.40
jitter_loss_10;7340.492;ack;136.08;107.48;26.55;213.68
jitter_loss_10;7388.480;ack;88.05;105.05;24.77;204.13
jitter_loss_10;7476.529;ping;72.07;100.93;26.82;208.21
jitter_loss_10;7740.484;ack;136.00;105.31;28.88;220.85
jitter_loss_10;7844.507;ack;144.03;110.15;31.34;235.53
jitter_loss_10;7868.444;ack;63.97;104.38;35.05;244.59
jitter_loss_10;7884.462;ping;79.99;101.33;32.39;230.87
jitter_loss_10;8156.473;ping;150.72;107.50;36.64;254.05
jitter_loss_10;8156.484;ack;150.73;112.91;38.28;266.05
jitter_loss_10;8236.528;ack;136.03;115.80;34.49;253.77
jitter_loss_10;8284.457;ping;79.97;111.32;34.83;250.63
jitter_loss_10;8356.479;ack;55.95;104.40;39.96;264.25
jitter_loss_10;8356.498;ack;152.01;110.35;41.87;277.85
jitter_loss_10;8508.474;ping;104.05;109.56;32.98;241.49
jitter_loss_10;8524.477;ack;120.05;110.87;27.36;220.31
jitter_loss_10;8612.444;ack;112.00;111.01;20.80;194.22
jitter_loss_10;8684.450;ack;80.05;107.14;23.34;200.51
jitter_loss_10;8852.482;ack;152.06;112.76;28.74;227.71
jitter_loss_10;8948.450;ping;144.02;116.67;29.37;234.14
jitter_loss_10;9052.488;ack;152.03;121.09;30.87;244.56
jitter_loss_10;9092.508;ack;88.04;116.96;31.41;242.60
jitter_loss_10;9132.510;ping;128.05;118.34;26.33;223.67
jitter_loss_10;9236.452;ack;133.75;120.27;23.60;214.67
jitter_loss_10;9276.455;ping;72.02;114.24;29.76;233.29
jitter_loss_10;9364.634;ack;64.22;107.99;34.83;247.29
jitter_loss_10;9500.513;ack;96.07;106.50;29.10;222.89
jitter_loss_10;9596.481;ack;96.05;105.19;24.44;202.94
jitter_loss_10;9724.559;ack;120.08;107.05;22.05;195.25
jitter_loss_10;9732.607;ping;128.13;109.69;21.81;196.92
jitter_loss_10;9852.481;ack;152.04;114.98;26.94;222.76
jitter_loss_10;9964.509;ack;64.06;108.62;32.94;240.37
jitter_loss_10;10108.510;ping;104.03;108.04;25.85;211.44
jitter_loss_10;10220.532;ack;119.99;109.54;22.37;199.03
jitter_loss_10;10316.432;ping;111.99;109.84;17.39;179.42
jitter_loss_10;10348.479;ack;144.03;114.12;21.59;200.49
jitter_loss_10;10388.500;ack;88.09;110.86;22.70;201.67
jitter_loss_10;10460.468;ack;55.98;104.00;30.75;227.00
jitter_loss_10;10628.471;ack;128.03;107.01;29.07;223.27
jitter_loss_10;10748.486;ping;144.04;111.63;31.06;235.87
jitter_loss_10;10748.507;ack;144.06;115.69;31.40;241.29
jitter_loss_10;10852.455;ack;151.97;120.22;32.62;250.71
jitter_loss_10;10908.515;ack;104.03;118.20;28.51;232.26
jitter_loss_10;11020.509;ack;120.05;118.43;21.85;205.82
jitter_loss_10;11068.510;ack;64.03;111.63;29.99;231.57
jitter_loss_10;11068.527;ping;64.05;105.68;34.38;243.22
jitter_loss_10;11164.522;ack;64.05;100.48;36.20;245.26
jitter_loss_10;11284.505;ping;79.91;97.91;32.29;227.07
jitter_loss_10;11436.659;ack;136.18;102.69;33.78;237.83
jitter_loss_10;11484.528;ack;80.05;99.86;31.00;223.86
jitter_loss_10;11572.494;ack;72.03;96.38;30.21;217.21
jitter_loss_10;11700.619;ack;96.15;96.35;22.71;187.21
jitter_loss_10;11708.620;ping;104.15;97.33;18.98;173.26
jitter_loss_10;11804.487;ack;104.03;98.16;15.91;161.82
jitter_loss_10;11892.516;ping;88.01;96.89;14.47;154.79
jitter_loss_10;11908.609;ack;104.10;97.80;12.66;148.42
jitter_loss_10;11980.514;ack;80.07;95.58;13.93;151.28
jitter_loss_10;12148.490;ping;143.98;101.63;22.54;191.80
jitter_loss_10;12300.474;ack;96.01;100.93;18.31;174.17
jitter_loss_10;12356.495;ping;152.03;107.32;26.51;213.36
jitter_loss_10;12420.496;ack;120.00;108.90;23.06;201.12
jitter_loss_10;12516.575;ack;112.07;109.30;18.08;181.64
jitter_loss_10;12532.567;ping;128.07;111.64;18.26;184.66
jitter_loss_10;12732.560;ping;128.13;113.71;17.81;184.96
jitter_loss_10;12732.570;ack;128.14;115.51;16.97;183.39
jitter_loss_10;12852.487;ack;151.99;120.07;21.85;207.46
jitter_loss_10;12956.603;ping;152.12;124.08;24.40;221.67
jitter_loss_10;12988.503;ack;87.83;119.55;27.36;228.99
jitter_loss_10;13100.574;ping;96.14;116.62;26.37;222.11
jitter_loss_10;13108.500;ack;104.06;115.05;22.92;206.73
jitter_loss_10;13180.560;ack;80.11;110.68;25.92;214.38
jitter_loss_10;13340.498;ping;135.96;113.84;25.76;216.89
jitter_loss_10;13356.494;ack;151.95;118.61;28.85;234.00
jitter_loss_10;13372.507;ack;72.02;112.78;33.28;245.91
jitter_loss_10;13516.583;ack;112.08;112.70;25.14;213.24
jitter_loss_10;13548.486;ping;143.99;116.61;26.68;223.31
jitter_loss_10;13564.562;ack;64.09;110.04;33.14;242.59
jitter_loss_10;13748.499;ping;144.03;114.29;33.35;247.69
jitter_loss_10;13764.486;ack;64.03;108.01;37.58;258.31
jitter_loss_10;13900.628;ping;96.19;106.53;31.14;231.08
jitter_loss_10;13932.579;ack;128.14;109.23;28.75;224.25
jitter_loss_10;14052.539;ack;152.07;114.59;32.28;243.69
jitter_loss_10;14140.499;ack;136.04;117.27;29.57;235.55
jitter_loss_10;14316.616;ack;112.15;116.63;23.46;210.45
jitter_loss_10;14332.493;ping;128.03;118.05;20.44;199.83
jitter_loss_10;14492.790;ping;88.31;114.34;22.77;205.41
jitter_loss_10;14564.581;ack;64.10;108.06;29.64;226.60
jitter_loss_10;14732.601;ack;128.14;110.57;27.25;219.56
jitter_loss_10;14924.601;ack;120.11;111.76;22.82;203.05
jitter_loss_10;14980.538;ack;80.06;107.80;25.04;207.97
jitter_loss_10;15076.475;ack;72.00;103.32;27.73;214.25
jitter_loss_10;15084.471;ping;80.00;100.41;26.63;206.93
jitter_loss_10;15180.450;ack;79.97;97.85;25.08;198.18
jitter_loss_10;15292.456;ping;88.03;96.63;21.27;181.69
jitter_loss_10;15356.552;ack;56.12;91.56;26.08;195.86
jitter_loss_10;15356.574;ack;152.15;99.14;34.70;237.95
jitter_loss_10;15484.539;ping;80.08;96.75;30.79;219.92
jitter_loss_10;15508.536;ack;104.08;97.67;24.92;197.37
jitter_loss_10;15740.547;ping;136.13;102.48;28.31;215.71
jitter_loss_10;15916.577;ping;112.15;103.69;23.65;198.28
jitter_loss_10;15980.605;ack;80.19;100.75;23.61;195.19
jitter_loss_10;16132.598;ping;128.01;104.16;24.52;202.24
jitter_loss_10;16180.453;ack;80.00;101.14;24.43;198.86
jitter_loss_10;16260.517;ping;55.94;95.49;29.62;213.98
jitter_loss_10;16356.556;ack;151.98;102.55;36.34;247.91
jitter_loss_10;16484.581;ack;80.13;99.75;32.86;231.18
jitter_loss_10;16636.559;ack;136.04;104.28;33.72;239.15
jitter_loss_10;16740.549;ack;136.11;108.26;33.24;241.24
jitter_loss_10;16748.539;ping;144.10;112.74;33.89;248.32
jitter_loss_10;16780.502;ack;80.06;108.66;33.59;243.02
jitter_loss_10;16892.563;ping;88.05;106.08;30.35;227.46
jitter_loss_10;16900.658;ack;96.14;104.84;25.24;205.81
jitter_loss_10;17004.560;ack;104.01;104.73;19.14;181.29
jitter_loss_10;17108.507;ping;103.90;104.63;14.56;162.89
jitter_loss_10;17124.532;ack;119.92;106.54;14.75;165.52
jitter_loss_10;17292.495;ack;87.94;104.22;15.71;167.05
jitter_loss_10;17372.536;ack;72.11;100.20;19.81;179.44
jitter_loss_10;17500.673;ping;96.15;99.70;15.87;163.17
jitter_loss_10;17548.557;ack;144.03;105.24;22.99;197.18
jitter_loss_10;17628.537;ack;128.08;108.09;22.95;199.89
jitter_loss_10;17676.505;ping;71.99;103.58;26.24;208.53
jitter_loss_10;17692.558;ack;88.04;101.64;23.56;195.89
jitter_loss_10;17828.490;ack;128.03;104.94;24.27;202.02
jitter_loss_10;17884.513;ping;80.03;101.82;24.43;199.55
jitter_loss_10;17948.547;ack;144.06;107.10;28.88;222.63
jitter_loss_10;18012.530;ack;112.03;107.72;22.89;199.29
jitter_loss_10;18068.536;ping;64.11;102.27;28.07;214.55
jitter_loss_10;18156.525;ack;152.10;108.50;33.51;242.54
jitter_loss_10;18268.530;ping;64.09;102.95;36.23;247.88
jitter_loss_10;18292.514;ack;88.07;101.09;30.89;224.66
jitter_loss_10;18372.524;ack;72.03;97.46;30.43;219.19
jitter_loss_10;18508.503;ack;104.00;98.27;24.46;196.12
jitter_loss_10;18524.501;ping;120.00;100.99;23.78;196.10
jitter_loss_10;18596.520;ack;96.03;100.37;19.07;176.66
jitter_loss_10;18684.565;ack;80.17;97.84;19.36;175.27
jitter_loss_10;18756.543;ping;152.15;104.63;28.09;217.00
jitter_loss_10;18972.549;ack;72.02;100.56;29.22;217.44
jitter_loss_10;19092.627;ack;88.13;99.00;25.02;199.09
jitter_loss_10;19092.652;ping;88.16;97.65;21.48;183.56
jitter_loss_10;19196.465;ack;95.95;97.43;16.53;163.57
jitter_loss_10;19268.517;ping;64.10;93.27;20.73;176.21
jitter_loss_10;19412.509;ack;112.04;95.61;20.24;176.59
jitter_loss_10;19468.815;ack;64.29;91.70;23.02;183.76
jitter_loss_10;19508.528;ping;104.00;93.24;20.34;174.59
jitter_loss_10;19644.552;ack;144.05;99.59;27.96;211.42
jitter_loss_10;19660.581;ack;56.09;94.15;31.84;221.52
jitter_loss_10;19724.479;ping;120.00;97.38;30.34;218.75
jitter_loss_10;19812.472;ack;111.99;99.21;26.41;204.85
jitter_loss_10;19876.496;ping;72.04;95.81;26.60;202.21
jitter_loss_10;19900.563;ack;96.11;95.85;20.02;175.94
cmp_fixed1000_delay_100_loss_5;102.768;ack;102.74;102.74;51.37;308.23
cmp_fixed1000_delay_100_loss_5;102.820;ping;102.80;102.75;38.54;256.92
cmp_fixed1000_delay_100_loss_5;206.792;ack;104.00;102.91;29.22;219.79
cmp_fixed1000_delay_100_loss_5;310.767;ack;103.96;103.04;22.18;191.75
cmp_fixed1000_delay_100_loss_5;406.810;ack;104.11;103.17;16.90;170.77
cmp_fixed1000_delay_100_loss_5;510.730;ack;103.90;103.26;12.86;154.69
cmp_fixed1000_delay_100_loss_5;510.755;ping;103.93;103.35;9.81;142.59
cmp_fixed1000_delay_100_loss_5;606.739;ack;104.02;103.43;7.53;133.54
cmp_fixed1000_delay_100_loss_5;710.766;ack;104.01;103.50;5.79;126.66
cmp_fixed1000_delay_100_loss_5;710.779;ping;104.03;103.57;4.47;121.46
cmp_fixed1000_delay_100_loss_5;806.790;ack;104.05;103.63;3.47;117.53
cmp_fixed1000_delay_100_loss_5;910.813;ack;104.00;103.67;2.70;114.47
cmp_fixed1000_delay_100_loss_5;910.825;ping;104.02;103.72;2.11;112.16
cmp_fixed1000_delay_100_loss_5;1006.829;ack;104.16;103.77;1.69;110.55
cmp_fixed1000_delay_100_loss_5;1110.711;ack;103.86;103.78;1.29;108.96
cmp_fixed1000_delay_100_loss_5;1110.723;ping;103.88;103.80;0.99;107.77
cmp_fixed1000_delay_100_loss_5;1206.741;ack;104.07;103.83;0.81;107.08
cmp_fixed1000_delay_100_loss_5;1310.763;ack;104.00;103.85;0.65;106.46
cmp_fixed1000_delay_100_loss_5;1310.775;ping;104.02;103.87;0.53;106.00
cmp_fixed1000_delay_100_loss_5;1406.835;ack;104.06;103.90;0.45;105.68
cmp_fixed1000_delay_100_loss_5;1510.662;ack;103.80;103.88;0.36;105.32
cmp_fixed1000_delay_100_loss_5;1510.669;ping;103.80;103.87;0.29;105.03
cmp_fixed1000_delay_100_loss_5;1710.783;ack;104.07;103.90;0.27;104.96
cmp_fixed1000_delay_100_loss_5;1710.797;ping;104.09;103.92;0.25;104.91
cmp_fixed1000_delay_100_loss_5;1807.107;ack;104.33;103.97;0.29;105.12
cmp_fixed1000_delay_100_loss_5;1910.771;ack;103.65;103.93;0.30;105.12
cmp_fixed1000_delay_100_loss_5;1910.789;ping;103.67;103.90;0.29;105.05
cmp_fixed1000_delay_100_loss_5;2006.807;ack;104.11;103.93;0.27;105.00
cmp_fixed1000_delay_100_loss_5;2110.754;ack;103.93;103.93;0.20;104.74
cmp_fixed1000_delay_100_loss_5;2206.743;ack;104.07;103.94;0.19;104.69
cmp_fixed1000_delay_100_loss_5;2310.732;ack;103.97;103.95;0.15;104.54
cmp_fixed1000_delay_100_loss_5;2310.743;ping;103.99;103.95;0.12;104.43
cmp_fixed1000_delay_100_loss_5;2406.777;ack;104.07;103.97;0.12;104.44
cmp_fixed1000_delay_100_loss_5;2510.729;ack;103.92;103.96;0.10;104.37
cmp_fixed1000_delay_100_loss_5;2510.741;ping;103.93;103.96;0.08;104.29
cmp_fixed1000_delay_100_loss_5;2606.784;ack;103.99;103.96;0.07;104.24
cmp_fixed1000_delay_100_loss_5;2710.774;ack;104.00;103.97;0.06;104.22
cmp_fixed1000_delay_100_loss_5;2710.785;ping;104.02;103.97;0.06;104.22
cmp_fixed1000_delay_100_loss_5;2806.753;ack;104.07;103.98;0.07;104.27
cmp_fixed1000_delay_100_loss_5;2910.708;ack;103.94;103.98;0.06;104.24
cmp_fixed1000_delay_100_loss_5;2910.716;ping;103.95;103.97;0.06;104.20
cmp_fixed1000_delay_100_loss_5;3006.833;ack;104.13;103.99;0.08;104.32
cmp_fixed1000_delay_100_loss_5;3110.726;ack;103.87;103.98;0.09;104.35
cmp_fixed1000_delay_100_loss_5;3206.799;ack;104.11;104.00;0.10;104.41
cmp_fixed1000_delay_100_loss_5;3310.717;ack;103.90;103.98;0.10;104.39
cmp_fixed1000_delay_100_loss_5;3310.727;ping;103.91;103.98;0.09;104.35
cmp_fixed1000_delay_100_loss_5;3406.778;ack;104.09;103.99;0.10;104.39
cmp_fixed1000_delay_100_loss_5;3510.767;ack;103.97;103.99;0.08;104.31
cmp_fixed1000_delay_100_loss_5;3510.787;ping;103.99;103.99;0.06;104.23
cmp_fixed1000_delay_100_loss_5;3606.859;ack;104.14;104.01;0.08;104.34
cmp_fixed1000_delay_100_loss_5;3710.742;ack;104.01;104.01;0.06;104.26
cmp_fixed1000_delay_100_loss_5;3710.756;ping;104.03;104.01;0.05;104.22
cmp_fixed1000_delay_100_loss_5;3806.788;ack;104.06;104.02;0.05;104.22
cmp_fixed1000_delay_100_loss_5;3910.805;ack;104.00;104.01;0.04;104.19
cmp_fixed1000_delay_100_loss_5;3910.818;ping;104.01;104.01;0.03;104.14
cmp_fixed1000_delay_100_loss_5;4006.770;ack;104.08;104.02;0.04;104.19
cmp_fixed1000_delay_100_loss_5;4110.709;ack;103.92;104.01;0.06;104.24
cmp_fixed1000_delay_100_loss_5;4110.720;ping;103.93;104.00;0.06;104.25
cmp_fixed1000_delay_100_loss_5;4206.777;ack;104.04;104.00;0.06;104.23
cmp_fixed1000_delay_100_loss_5;4310.716;ack;103.92;103.99;0.06;104.25
cmp_fixed1000_delay_100_loss_5;4310.729;ping;103.94;103.99;0.06;104.24
cmp_fixed1000_delay_100_loss_5;4406.962;ack;104.27;104.02;0.12;104.49
cmp_fixed1000_delay_100_loss_5;4510.723;ack;103.74;103.99;0.16;104.61
cmp_fixed1000_delay_100_loss_5;4510.736;ping;103.76;103.96;0.17;104.66
cmp_fixed1000_delay_100_loss_5;4606.769;ack;104.05;103.97;0.15;104.59
cmp_fixed1000_delay_100_loss_5;4710.774;ack;103.96;103.97;0.12;104.44
cmp_fixed1000_delay_100_loss_5;4710.787;ping;103.98;103.97;0.09;104.33
cmp_fixed1000_delay_100_loss_5;4806.727;ack;104.01;103.97;0.08;104.29
cmp_fixed1000_delay_100_loss_5;4910.761;ack;103.98;103.98;0.06;104.22
cmp_fixed1000_delay_100_loss_5;4910.777;ping;104.00;103.98;0.05;104.19
cmp_fixed1000_delay_100_loss_5;5006.824;ack;104.15;104.00;0.08;104.33
cmp_fixed1000_delay_100_loss_5;5110.767;ack;103.92;103.99;0.08;104.31
cmp_fixed1000_delay_100_loss_5;5110.779;ping;103.94;103.98;0.07;104.28
cmp_fixed1000_delay_100_loss_5;5206.713;ack;104.00;103.99;0.06;104.22
cmp_fixed1000_delay_100_loss_5;5310.801;ack;104.07;104.00;0.06;104.25
cmp_fixed1000_delay_100_loss_5;5510.754;ping;104.04;104.00;0.06;104.24
cmp_fixed1000_delay_100_loss_5;5606.764;ack;104.07;104.01;0.06;104.25
cmp_fixed1000_delay_100_loss_5;5710.758;ack;103.98;104.01;0.05;104.22
cmp_fixed1000_delay_100_loss_5;5710.773;ping;103.99;104.00;0.04;104.18
cmp_fixed1000_delay_100_loss_5;5806.788;ack;104.09;104.01;0.05;104.23
cmp_fixed1000_delay_100_loss_5;5910.796;ack;103.99;104.01;0.05;104.20
cmp_fixed1000_delay_100_loss_5;5910.811;ping;104.00;104.01;0.04;104.16
cmp_fixed1000_delay_100_loss_5;6006.763;ack;103.86;103.99;0.06;104.25
cmp_fixed1000_delay_100_loss_5;6110.751;ack;103.97;103.99;0.05;104.21
cmp_fixed1000_delay_100_loss_5;6110.768;ping;103.99;103.99;0.04;104.15
cmp_fixed1000_delay_100_loss_5;6207.129;ack;104.43;104.04;0.14;104.60
cmp_fixed1000_delay_100_loss_5;6310.797;ping;103.85;104.02;0.15;104.63
cmp_fixed1000_delay_100_loss_5;6406.815;ack;103.96;104.01;0.13;104.53
cmp_fixed1000_delay_100_loss_5;6510.819;ack;104.01;104.01;0.10;104.40
cmp_fixed1000_delay_100_loss_5;6510.821;ping;104.02;104.01;0.07;104.31
cmp_fixed1000_delay_100_loss_5;6606.771;ack;103.98;104.01;0.06;104.26
cmp_fixed1000_delay_100_loss_5;6710.723;ack;103.93;104.00;0.07;104.27
cmp_fixed1000_delay_100_loss_5;6710.739;ping;103.95;103.99;0.06;104.24
cmp_fixed1000_delay_100_loss_5;6806.755;ack;104.03;104.00;0.06;104.23
cmp_fixed1000_delay_100_loss_5;6910.754;ack;103.98;104.00;0.05;104.19
cmp_fixed1000_delay_100_loss_5;6910.769;ping;104.00;104.00;0.04;104.14
cmp_fixed1000_delay_100_loss_5;7006.782;ack;104.08;104.01;0.05;104.21
cmp_fixed1000_delay_100_loss_5;7110.753;ack;103.95;104.00;0.05;104.20
cmp_fixed1000_delay_100_loss_5;7206.747;ack;104.03;104.00;0.05;104.19
cmp_fixed1000_delay_100_loss_5;7310.746;ack;103.93;104.00;0.05;104.20
cmp_fixed1000_delay_100_loss_5;7310.759;ping;103.95;103.99;0.05;104.19
cmp_fixed1000_delay_100_loss_5;7406.832;ack;104.11;104.01;0.07;104.28
cmp_fixed1000_delay_100_loss_5;7510.741;ack;103.89;103.99;0.08;104.31
cmp_fixed1000_delay_100_loss_5;7510.759;ping;103.91;103.98;0.08;104.31
cmp_fixed1000_delay_100_loss_5;7606.824;ack;104.08;103.99;0.09;104.34
cmp_fixed1000_delay_100_loss_5;7710.741;ack;104.03;104.00;0.07;104.29
cmp_fixed1000_delay_100_loss_5;7710.759;ping;104.05;104.00;0.07;104.27
cmp_fixed1000_delay_100_loss_5;7910.815;ack;104.10;104.02;0.07;104.31
cmp_fixed1000_delay_100_loss_5;7910.831;ping;104.12;104.03;0.08;104.35
cmp_fixed1000_delay_100_loss_5;8006.781;ack;103.80;104.00;0.12;104.47
cmp_fixed1000_delay_100_loss_5;8110.760;ping;103.96;104.00;0.10;104.39
cmp_fixed1000_delay_100_loss_5;8206.768;ack;104.07;104.00;0.09;104.38
cmp_fixed1000_delay_100_loss_5;8310.717;ack;103.93;104.00;0.09;104.35
cmp_fixed1000_delay_100_loss_5;8310.911;ping;104.13;104.01;0.10;104.41
cmp_fixed1000_delay_100_loss_5;8510.867;ack;104.12;104.03;0.10;104.44
cmp_fixed1000_delay_100_loss_5;8510.880;ping;104.14;104.04;0.11;104.46
cmp_fixed1000_delay_100_loss_5;8606.836;ack;104.11;104.05;0.10;104.44
cmp_fixed1000_delay_100_loss_5;8710.728;ack;103.87;104.03;0.12;104.50
cmp_fixed1000_delay_100_loss_5;8710.745;ping;103.89;104.01;0.12;104.50
cmp_fixed1000_delay_100_loss_5;8806.816;ack;104.12;104.02;0.12;104.51
cmp_fixed1000_delay_100_loss_5;8910.787;ack;104.08;104.03;0.10;104.45
cmp_fixed1000_delay_100_loss_5;8910.805;ping;104.10;104.04;0.10;104.42
cmp_fixed1000_delay_100_loss_5;9006.796;ack;104.11;104.05;0.09;104.41
cmp_fixed1000_delay_100_loss_5;9110.776;ack;103.95;104.04;0.09;104.40
cmp_fixed1000_delay_100_loss_5;9110.778;ping;103.95;104.03;0.09;104.38
cmp_fixed1000_delay_100_loss_5;9206.739;ack;104.05;104.03;0.07;104.32
cmp_fixed1000_delay_100_loss_5;9310.826;ack;104.07;104.03;0.06;104.29
cmp_fixed1000_delay_100_loss_5;9310.828;ping;104.08;104.04;0.06;104.27
cmp_fixed1000_delay_100_loss_5;9406.935;ack;104.23;104.06;0.09;104.44
cmp_fixed1000_delay_100_loss_5;9510.736;ack;103.72;104.02;0.15;104.64
cmp_fixed1000_delay_100_loss_5;9510.749;ping;103.74;103.99;0.19;104.73
cmp_fixed1000_delay_100_loss_5;9606.816;ack;104.08;104.00;0.16;104.66
cmp_fixed1000_delay_100_loss_5;9710.755;ack;103.92;103.99;0.14;104.56
cmp_fixed1000_delay_100_loss_5;9710.774;ping;103.94;103.98;0.12;104.46
cmp_fixed1000_delay_100_loss_5;9806.757;ack;104.02;103.99;0.10;104.38
cmp_fixed1000_delay_100_loss_5;9910.758;ack;103.98;103.99;0.08;104.29
cmp_fixed1000_delay_100_loss_5;10006.781;ack;104.05;103.99;0.07;104.28
cmp_fixed1000_delay_100_loss_5;10110.819;ack;104.02;104.00;0.06;104.23
cmp_fixed1000_delay_100_loss_5;10110.835;ping;104.03;104.00;0.05;104.22
cmp_fixed1000_delay_100_loss_5;10206.781;ack;104.05;104.01;0.05;104.22
cmp_fixed1000_delay_100_loss_5;10310.778;ack;103.98;104.00;0.05;104.19
cmp_fixed1000_delay_100_loss_5;10310.792;ping;103.99;104.00;0.04;104.15
cmp_fixed1000_delay_100_loss_5;10406.769;ack;104.03;104.01;0.03;104.14
cmp_fixed1000_delay_100_loss_5;10510.774;ack;103.98;104.00;0.03;104.13
cmp_fixed1000_delay_100_loss_5;10510.791;ping;104.00;104.00;0.02;104.10
cmp_fixed1000_delay_100_loss_5;10606.766;ack;104.04;104.01;0.03;104.12
cmp_fixed1000_delay_100_loss_5;10710.791;ack;104.00;104.01;0.02;104.09
cmp_fixed1000_delay_100_loss_5;10806.903;ack;104.18;104.03;0.06;104.27
cmp_fixed1000_delay_100_loss_5;10910.780;ack;104.01;104.03;0.05;104.23
cmp_fixed1000_delay_100_loss_5;10910.796;ping;104.03;104.03;0.04;104.18
cmp_fixed1000_delay_100_loss_5;11006.777;ack;104.02;104.03;0.03;104.15
cmp_fixed1000_delay_100_loss_5;11110.754;ack;103.95;104.02;0.04;104.18
cmp_fixed1000_delay_100_loss_5;11110.774;ping;103.98;104.01;0.04;104.17
cmp_fixed1000_delay_100_loss_5;11206.749;ack;104.05;104.02;0.04;104.17
cmp_fixed1000_delay_100_loss_5;11310.768;ack;104.00;104.01;0.03;104.15
cmp_fixed1000_delay_100_loss_5;11407.161;ack;104.40;104.06;0.12;104.55
cmp_fixed1000_delay_100_loss_5;11510.736;ack;103.56;104.00;0.22;104.87
cmp_fixed1000_delay_100_loss_5;11510.751;ping;103.58;103.95;0.27;105.02
cmp_fixed1000_delay_100_loss_5;11606.848;ack;104.11;103.97;0.24;104.94
cmp_fixed1000_delay_100_loss_5;11710.740;ping;104.01;103.97;0.19;104.75
cmp_fixed1000_delay_100_loss_5;11806.772;ack;104.04;103.98;0.16;104.63
cmp_fixed1000_delay_100_loss_5;11910.766;ping;103.93;103.97;0.13;104.51
cmp_fixed1000_delay_100_loss_5;12006.729;ack;103.99;103.98;0.11;104.40
cmp_fixed1000_delay_100_loss_5;12110.729;ack;103.98;103.98;0.08;104.30
cmp_fixed1000_delay_100_loss_5;12110.742;ping;104.00;103.98;0.06;104.24
cmp_fixed1000_delay_100_loss_5;12206.856;ack;104.12;104.00;0.08;104.33
cmp_fixed1000_delay_100_loss_5;12310.824;ping;104.09;104.01;0.09;104.35
cmp_fixed1000_delay_100_loss_5;12406.755;ack;104.05;104.01;0.08;104.31
cmp_fixed1000_delay_100_loss_5;12510.808;ack;104.03;104.02;0.06;104.26
cmp_fixed1000_delay_100_loss_5;12510.825;ping;104.05;104.02;0.05;104.24
cmp_fixed1000_delay_100_loss_5;12606.834;ack;104.08;104.03;0.06;104.25
cmp_fixed1000_delay_100_loss_5;12710.846;ping;103.98;104.02;0.05;104.24
cmp_fixed1000_delay_100_loss_5;12806.811;ack;104.03;104.02;0.04;104.19
cmp_fixed1000_delay_100_loss_5;12910.750;ack;103.92;104.01;0.06;104.24
cmp_fixed1000_delay_100_loss_5;12910.768;ping;103.94;104.00;0.06;104.24
cmp_fixed1000_delay_100_loss_5;13006.849;ack;104.13;104.02;0.08;104.33
cmp_fixed1000_delay_100_loss_5;13110.758;ping;104.05;104.02;0.07;104.29
cmp_fixed1000_delay_100_loss_5;13206.768;ack;104.06;104.03;0.06;104.26
cmp_fixed1000_delay_100_loss_5;13310.741;ack;103.95;104.02;0.06;104.27
cmp_fixed1000_delay_100_loss_5;13310.747;ping;103.96;104.01;0.06;104.26
cmp_fixed1000_delay_100_loss_5;13406.828;ack;104.13;104.02;0.08;104.34
cmp_fixed1000_delay_100_loss_5;13510.719;ack;104.00;104.02;0.07;104.28
cmp_fixed1000_delay_100_loss_5;13510.730;ping;104.01;104.02;0.05;104.22
cmp_fixed1000_delay_100_loss_5;13606.861;ack;104.14;104.03;0.07;104.31
cmp_fixed1000_delay_100_loss_5;13710.832;ping;103.95;104.02;0.07;104.32
cmp_fixed1000_delay_100_loss_5;13806.851;ack;104.15;104.04;0.09;104.38
cmp_fixed1000_delay_100_loss_5;13910.723;ack;103.85;104.02;0.11;104.46
cmp_fixed1000_delay_100_loss_5;13910.737;ping;103.87;104.00;0.12;104.48
cmp_fixed1000_delay_100_loss_5;14006.820;ack;104.12;104.01;0.12;104.49
cmp_fixed1000_delay_100_loss_5;14110.718;ack;103.81;103.99;0.14;104.55
cmp_fixed1000_delay_100_loss_5;14110.720;ping;103.81;103.97;0.15;104.56
cmp_fixed1000_delay_100_loss_5;14206.775;ack;104.06;103.98;0.13;104.52
cmp_fixed1000_delay_100_loss_5;14310.761;ack;103.96;103.98;0.10;104.39
cmp_fixed1000_delay_100_loss_5;14406.755;ack;104.07;103.99;0.10;104.40
cmp_fixed1000_delay_100_loss_5;14510.744;ack;103.97;103.98;0.08;104.31
cmp_fixed1000_delay_100_loss_5;14510.760;ping;103.99;103.99;0.06;104.23
cmp_fixed1000_delay_100_loss_5;14606.776;ack;104.10;104.00;0.07;104.30
cmp_fixed1000_delay_100_loss_5;14710.810;ack;104.15;104.02;0.09;104.39
cmp_fixed1000_delay_100_loss_5;14710.823;ping;104.17;104.04;0.11;104.46
cmp_fixed1000_delay_100_loss_5;14806.733;ack;104.00;104.03;0.09;104.39
cmp_fixed1000_delay_100_loss_5;14910.741;ack;103.99;104.03;0.08;104.34
cmp_fixed1000_delay_100_loss_5;14910.754;ping;104.00;104.02;0.06;104.28
cmp_fixed1000_delay_100_loss_5;15006.811;ack;104.09;104.03;0.06;104.29
cmp_fixed1000_delay_100_loss_5;15110.673;ack;103.84;104.01;0.10;104.39
cmp_fixed1000_delay_100_loss_5;15110.681;ping;103.85;103.99;0.11;104.43
cmp_fixed1000_delay_100_loss_5;15206.782;ack;104.08;104.00;0.11;104.42
cmp_fixed1000_delay_100_loss_5;15310.885;ping;104.09;104.01;0.10;104.42
cmp_fixed1000_delay_100_loss_5;15406.754;ack;103.99;104.01;0.08;104.33
cmp_fixed1000_delay_100_loss_5;15510.715;ack;103.94;104.00;0.08;104.31
cmp_fixed1000_delay_100_loss_5;15510.731;ping;103.96;104.00;0.07;104.27
cmp_fixed1000_delay_100_loss_5;15606.856;ack;104.15;104.01;0.09;104.38
cmp_fixed1000_delay_100_loss_5;15710.697;ack;103.97;104.01;0.08;104.33
cmp_fixed1000_delay_100_loss_5;15710.709;ping;103.98;104.01;0.07;104.27
cmp_fixed1000_delay_100_loss_5;15910.682;ack;103.96;104.00;0.06;104.24
cmp_fixed1000_delay_100_loss_5;15910.690;ping;103.97;104.00;0.05;104.21
cmp_fixed1000_delay_100_loss_5;16006.802;ack;104.12;104.01;0.07;104.29
cmp_fixed1000_delay_100_loss_5;16110.823;ack;104.00;104.01;0.05;104.23
cmp_fixed1000_delay_100_loss_5;16110.843;ping;104.02;104.01;0.04;104.19
cmp_fixed1000_delay_100_loss_5;16202.815;ack;100.09;103.52;1.01;107.58
cmp_fixed1000_delay_100_loss_5;16306.844;ack;104.13;103.60;0.91;107.25
cmp_fixed1000_delay_100_loss_5;16306.848;ping;104.13;103.66;0.82;106.94
cmp_fixed1000_delay_100_loss_5;16410.742;ack;104.03;103.71;0.71;106.54
cmp_fixed1000_delay_100_loss_5;16506.870;ack;104.14;103.76;0.64;106.31
cmp_fixed1000_delay_100_loss_5;16506.895;ping;104.17;103.81;0.58;106.13
cmp_fixed1000_delay_100_loss_5;16610.719;ack;103.83;103.82;0.44;105.57
cmp_fixed1000_delay_100_loss_5;16706.698;ack;103.98;103.84;0.37;105.32
cmp_fixed1000_delay_100_loss_5;16706.719;ping;104.01;103.86;0.32;105.14
cmp_fixed1000_delay_100_loss_5;16802.929;ack;102.84;103.73;0.49;105.71
cmp_fixed1000_delay_100_loss_5;16906.794;ping;103.98;103.76;0.43;105.50
cmp_fixed1000_delay_100_loss_5;17010.774;ack;103.97;103.79;0.38;105.30
cmp_fixed1000_delay_100_loss_5;17106.784;ack;104.08;103.83;0.36;105.26
cmp_fixed1000_delay_100_loss_5;17106.814;ping;104.12;103.86;0.34;105.23
cmp_fixed1000_delay_100_loss_5;17210.765;ack;103.96;103.87;0.28;104.99
cmp_fixed1000_delay_100_loss_5;17306.806;ack;104.09;103.90;0.26;104.96
cmp_fixed1000_delay_100_loss_5;17306.838;ping;104.13;103.93;0.25;104.95
cmp_fixed1000_delay_100_loss_5;17410.771;ack;103.94;103.93;0.19;104.71
cmp_fixed1000_delay_100_loss_5;17506.768;ack;104.07;103.95;0.18;104.67
cmp_fixed1000_delay_100_loss_5;17506.794;ping;104.09;103.97;0.17;104.65
cmp_fixed1000_delay_100_loss_5;17610.716;ack;103.93;103.96;0.14;104.51
cmp_fixed1000_delay_100_loss_5;17706.722;ping;104.02;103.97;0.12;104.44
cmp_fixed1000_delay_100_loss_5;17810.774;ack;104.04;103.98;0.11;104.41
cmp_fixed1000_delay_100_loss_5;17906.784;ack;104.05;103.99;0.10;104.38
cmp_fixed1000_delay_100_loss_5;17906.812;ping;104.08;104.00;0.10;104.39
cmp_fixed1000_delay_100_loss_5;18010.751;ack;103.94;103.99;0.09;104.34
cmp_fixed1000_delay_100_loss_5;18106.739;ack;104.06;104.00;0.08;104.33
cmp_fixed1000_delay_100_loss_5;18106.763;ping;104.08;104.01;0.08;104.34
cmp_fixed1000_delay_100_loss_5;18306.771;ack;104.03;104.01;0.07;104.28
cmp_fixed1000_delay_100_loss_5;18306.802;ping;104.07;104.02;0.06;104.28
cmp_fixed1000_delay_100_loss_5;18410.764;ack;103.97;104.01;0.06;104.26
cmp_fixed1000_delay_100_loss_5;18506.755;ack;104.03;104.02;0.05;104.21
cmp_fixed1000_delay_100_loss_5;18610.724;ack;103.95;104.01;0.05;104.22
cmp_fixed1000_delay_100_loss_5;18706.782;ack;104.00;104.01;0.04;104.17
cmp_fixed1000_delay_100_loss_5;18706.813;ping;104.04;104.01;0.04;104.16
cmp_fixed1000_delay_100_loss_5;18810.756;ack;103.95;104.00;0.04;104.18
cmp_fixed1000_delay_100_loss_5;18906.771;ack;104.06;104.01;0.05;104.20
cmp_fixed1000_delay_100_loss_5;18906.801;ping;104.09;104.02;0.06;104.25
cmp_fixed1000_delay_100_loss_5;19010.757;ack;103.96;104.01;0.06;104.24
cmp_fixed1000_delay_100_loss_5;19106.755;ack;104.05;104.02;0.05;104.22
cmp_fixed1000_delay_100_loss_5;19106.782;ping;104.08;104.03;0.05;104.24
cmp_fixed1000_delay_100_loss_5;19210.885;ack;104.11;104.04;0.06;104.28
cmp_fixed1000_delay_100_loss_5;19306.810;ack;104.09;104.04;0.06;104.28
cmp_fixed1000_delay_100_loss_5;19306.813;ping;104.09;104.05;0.06;104.28
cmp_fixed1000_delay_100_loss_5;19410.762;ack;104.07;104.05;0.05;104.24
cmp_fixed1000_delay_100_loss_5;19506.795;ack;104.09;104.06;0.05;104.24
cmp_fixed1000_delay_100_loss_5;19506.823;ping;104.12;104.07;0.05;104.27
cmp_fixed1000_delay_100_loss_5;19610.740;ack;103.92;104.05;0.07;104.34
cmp_fixed1000_delay_100_loss_5;19706.770;ping;103.91;104.03;0.09;104.38
cmp_fixed1000_delay_100_loss_5;19810.756;ack;103.99;104.03;0.08;104.33
cmp_fixed1000_delay_100_loss_5;19906.798;ack;104.09;104.03;0.07;104.32
cmp_fixed1000_delay_100_loss_5;19906.827;ping;104.12;104.04;0.07;104.34
cmp_fixed1000_delay_100_loss_5;20010.734;ack;103.91;104.03;0.09;104.38
cmp_fixed1000_delay_100_loss_5;20106.734;ping;104.00;104.02;0.07;104.32
cmp_fixed1000_delay_100_loss_5;20306.779;ping;104.11;104.04;0.08;104.35
cmp_fixed1000_delay_100_loss_5;20506.745;ping;104.04;104.04;0.06;104.28
cmp_fixed1000_delay_100_loss_5;20706.721;ping;103.98;104.03;0.06;104.27
cmp_fixed100_delay_100_loss_5;103.709;ack;103.69;103.69;51.84;311.06
cmp_fixed100_delay_100_loss_5;103.734;ping;103.72;103.69;38.89;259.25
cmp_fixed100_delay_100_loss_5;311.641;ping;103.97;103.73;29.24;220.68
cmp_fixed100_delay_100_loss_5;407.646;ack;104.03;103.76;22.00;191.78
cmp_fixed100_delay_100_loss_5;511.622;ack;103.96;103.79;16.55;169.99
cmp_fixed100_delay_100_loss_5;511.631;ping;103.97;103.81;12.46;153.64
cmp_fixed100_delay_100_loss_5;711.654;ping;104.01;103.84;9.39;141.41
cmp_fixed100_delay_100_loss_5;911.709;ping;104.05;103.86;7.10;132.26
cmp_fixed100_delay_100_loss_5;1111.621;ping;103.98;103.88;5.35;125.30
cmp_fixed100_delay_100_loss_5;1311.722;ping;104.04;103.90;4.06;120.12
cmp_fixed100_delay_100_loss_5;1511.655;ping;104.03;103.91;3.07;116.21
cmp_fixed100_delay_100_loss_5;1711.668;ping;104.04;103.93;2.34;113.28
cmp_fixed100_delay_100_loss_5;1911.640;ping;104.01;103.94;1.77;111.03
cmp_fixed100_delay_100_loss_5;2111.645;ack;103.98;103.94;1.34;109.30
cmp_fixed100_delay_100_loss_5;2111.658;ping;104.00;103.95;1.02;108.03
cmp_fixed100_delay_100_loss_5;2207.682;ack;104.08;103.97;0.80;107.15
cmp_fixed100_delay_100_loss_5;2311.701;ping;104.00;103.97;0.61;106.39
cmp_fixed100_delay_100_loss_5;2407.719;ack;104.12;103.99;0.49;105.96
cmp_fixed100_delay_100_loss_5;2511.668;ping;103.93;103.98;0.38;105.51
cmp_fixed100_delay_100_loss_5;2607.662;ack;104.06;103.99;0.30;105.21
cmp_fixed100_delay_100_loss_5;2711.618;ack;103.93;103.98;0.25;104.96
cmp_fixed100_delay_100_loss_5;2711.633;ping;103.94;103.98;0.19;104.76
cmp_fixed100_delay_100_loss_5;2807.624;ack;104.02;103.98;0.16;104.61
cmp_fixed100_delay_100_loss_5;2911.606;ack;103.96;103.98;0.12;104.47
cmp_fixed100_delay_100_loss_5;2911.617;ping;103.98;103.98;0.09;104.35
cmp_fixed100_delay_100_loss_5;3007.619;ack;104.06;103.99;0.09;104.35
cmp_fixed100_delay_100_loss_5;3111.652;ack;104.01;103.99;0.07;104.29
cmp_fixed100_delay_100_loss_5;3111.661;ping;104.03;104.00;0.06;104.25
cmp_fixed100_delay_100_loss_5;3207.644;ack;104.09;104.01;0.07;104.30
cmp_fixed100_delay_100_loss_5;3311.661;ping;104.00;104.01;0.06;104.23
cmp_fixed100_delay_100_loss_5;3511.650;ping;104.03;104.01;0.05;104.20
cmp_fixed100_delay_100_loss_5;3711.671;ping;103.99;104.01;0.04;104.18
cmp_fixed100_delay_100_loss_5;3911.640;ack;103.93;104.00;0.05;104.20
cmp_fixed100_delay_100_loss_5;3911.677;ping;103.97;104.00;0.05;104.18
cmp_fixed100_delay_100_loss_5;4007.688;ack;104.09;104.01;0.06;104.24
cmp_fixed100_delay_100_loss_5;4111.753;ping;104.05;104.01;0.05;104.22
cmp_fixed100_delay_100_loss_5;4511.808;ping;104.16;104.03;0.08;104.34
cmp_fixed100_delay_100_loss_5;4711.695;ping;104.06;104.03;0.06;104.29
cmp_fixed100_delay_100_loss_5;5111.729;ping;104.10;104.04;0.06;104.30
cmp_fixed100_delay_100_loss_5;5311.643;ping;104.03;104.04;0.05;104.24
cmp_fixed100_delay_100_loss_5;5911.646;ping;103.97;104.03;0.05;104.25
cmp_fixed100_delay_100_loss_5;6111.657;ping;104.02;104.03;0.04;104.21
cmp_fixed100_delay_100_loss_5;6311.753;ping;104.11;104.04;0.05;104.25
cmp_fixed100_delay_100_loss_5;6407.681;ack;104.12;104.05;0.06;104.29
cmp_fixed100_delay_100_loss_5;6511.666;ping;103.97;104.04;0.07;104.30
cmp_fixed100_delay_100_loss_5;6711.640;ping;103.95;104.03;0.07;104.31
cmp_fixed100_delay_100_loss_5;6807.644;ack;104.05;104.03;0.06;104.26
cmp_fixed100_delay_100_loss_5;6911.658;ack;103.95;104.02;0.06;104.27
cmp_fixed100_delay_100_loss_5;6911.669;ping;103.97;104.01;0.06;104.26
cmp_fixed100_delay_100_loss_5;7007.676;ack;104.10;104.02;0.07;104.29
cmp_fixed100_delay_100_loss_5;7111.737;ack;104.04;104.03;0.05;104.24
cmp_fixed100_delay_100_loss_5;7111.751;ping;104.06;104.03;0.05;104.23
cmp_fixed100_delay_100_loss_5;7207.635;ack;104.05;104.03;0.04;104.20
cmp_fixed100_delay_100_loss_5;7311.649;ack;103.99;104.03;0.04;104.19
cmp_fixed100_delay_100_loss_5;7311.658;ping;104.01;104.03;0.04;104.17
cmp_fixed100_delay_100_loss_5;7407.643;ack;104.03;104.03;0.03;104.14
cmp_fixed100_delay_100_loss_5;7511.642;ack;103.98;104.02;0.03;104.15
cmp_fixed100_delay_100_loss_5;7511.655;ping;104.00;104.02;0.03;104.14
cmp_fixed100_delay_100_loss_5;7711.632;ping;103.93;104.01;0.05;104.19
cmp_fixed100_delay_100_loss_5;7911.629;ping;104.00;104.01;0.04;104.15
cmp_fixed100_delay_100_loss_5;8111.658;ping;103.98;104.00;0.03;104.13
cmp_fixed100_delay_100_loss_5;8311.642;ack;104.03;104.01;0.03;104.13
cmp_fixed100_delay_100_loss_5;8311.662;ping;104.06;104.01;0.04;104.16
cmp_fixed100_delay_100_loss_5;8511.630;ping;104.00;104.01;0.03;104.14
cmp_fixed100_delay_100_loss_5;8607.623;ack;104.01;104.01;0.02;104.11
cmp_fixed100_delay_100_loss_5;8711.654;ping;103.98;104.01;0.03;104.11
cmp_fixed100_delay_100_loss_5;8911.645;ping;103.98;104.00;0.03;104.11
cmp_fixed100_delay_100_loss_5;9111.557;ack;103.89;103.99;0.05;104.18
cmp_fixed100_delay_100_loss_5;9111.565;ping;103.91;103.98;0.06;104.20
cmp_fixed100_delay_100_loss_5;9207.704;ack;104.10;103.99;0.07;104.28
cmp_fixed100_delay_100_loss_5;9311.681;ping;103.95;103.99;0.06;104.24
cmp_fixed100_delay_100_loss_5;9407.601;ack;104.04;104.00;0.06;104.24
cmp_fixed100_delay_100_loss_5;9511.694;ping;104.08;104.01;0.07;104.27
cmp_fixed100_delay_100_loss_5;9607.634;ack;104.03;104.01;0.06;104.23
cmp_fixed100_delay_100_loss_5;9711.673;ping;104.03;104.01;0.05;104.19
cmp_fixed100_delay_100_loss_5;9807.651;ack;104.07;104.02;0.05;104.21
cmp_fixed100_delay_100_loss_5;9911.732;ping;104.06;104.02;0.05;104.21
cmp_fixed100_delay_100_loss_5;10311.629;ping;103.97;104.02;0.05;104.21
cmp_fixed100_delay_100_loss_5;10407.676;ack;104.11;104.03;0.06;104.27
cmp_fixed100_delay_100_loss_5;10511.623;ack;103.92;104.02;0.07;104.30
cmp_fixed100_delay_100_loss_5;10511.637;ping;103.94;104.01;0.07;104.30
cmp_fixed100_delay_100_loss_5;10607.632;ack;104.00;104.01;0.06;104.23
cmp_fixed100_delay_100_loss_5;10711.652;ping;104.00;104.00;0.04;104.18
cmp_fixed100_delay_100_loss_5;10807.633;ack;104.06;104.01;0.05;104.19
cmp_fixed100_delay_100_loss_5;10911.722;ping;104.07;104.02;0.05;104.22
cmp_fixed100_delay_100_loss_5;11111.651;ping;104.02;104.02;0.04;104.17
cmp_fixed100_delay_100_loss_5;11207.625;ack;104.04;104.02;0.03;104.15
cmp_fixed100_delay_100_loss_5;11311.702;ping;104.06;104.03;0.03;104.16
cmp_fixed100_delay_100_loss_5;11407.657;ack;104.07;104.03;0.04;104.18
cmp_fixed100_delay_100_loss_5;11511.708;ping;104.03;104.03;0.03;104.14
cmp_fixed100_delay_100_loss_5;11608.984;ack;105.40;104.20;0.36;105.66
cmp_fixed100_delay_100_loss_5;11711.669;ping;102.66;104.01;0.66;106.64
cmp_fixed100_delay_100_loss_5;11807.700;ack;104.11;104.02;0.52;106.10
cmp_fixed100_delay_100_loss_5;11911.599;ack;103.87;104.00;0.43;105.71
cmp_fixed100_delay_100_loss_5;11911.611;ping;103.89;103.99;0.35;105.39
cmp_fixed100_delay_100_loss_5;12007.671;ack;104.08;104.00;0.29;105.14
cmp_fixed100_delay_100_loss_5;12207.687;ack;104.09;104.01;0.24;104.96
cmp_fixed100_delay_100_loss_5;12311.634;ack;103.92;104.00;0.20;104.80
cmp_fixed100_delay_100_loss_5;12311.649;ping;103.94;103.99;0.16;104.65
cmp_fixed100_delay_100_loss_5;12407.659;ack;104.00;104.00;0.13;104.50
cmp_fixed100_delay_100_loss_5;12511.623;ack;103.95;103.99;0.11;104.42
cmp_fixed100_delay_100_loss_5;12511.633;ping;103.96;103.99;0.09;104.34
cmp_fixed100_delay_100_loss_5;12607.638;ack;104.06;104.00;0.08;104.33
cmp_fixed100_delay_100_loss_5;12711.656;ping;104.00;104.00;0.06;104.26
cmp_fixed100_delay_100_loss_5;12807.623;ack;104.04;104.00;0.06;104.24
cmp_fixed100_delay_100_loss_5;12911.762;ping;104.12;104.02;0.07;104.32
cmp_fixed100_delay_100_loss_5;13111.694;ping;104.07;104.02;0.07;104.30
cmp_fixed100_delay_100_loss_5;13311.595;ack;103.90;104.01;0.08;104.34
cmp_fixed100_delay_100_loss_5;13311.609;ping;103.91;104.00;0.09;104.34
cmp_fixed100_delay_100_loss_5;13407.644;ack;104.01;104.00;0.07;104.27
cmp_fixed100_delay_100_loss_5;13511.663;ack;104.00;104.00;0.05;104.20
cmp_fixed100_delay_100_loss_5;13607.676;ack;104.11;104.01;0.07;104.28
cmp_fixed100_delay_100_loss_5;13711.612;ping;103.92;104.00;0.07;104.29
cmp_fixed100_delay_100_loss_5;13911.674;ping;104.02;104.00;0.06;104.24
cmp_fixed100_delay_100_loss_5;14111.673;ping;104.00;104.00;0.04;104.18
cmp_fixed100_delay_100_loss_5;14207.627;ack;104.03;104.01;0.04;104.16
cmp_fixed100_delay_100_loss_5;14311.841;ping;104.20;104.03;0.08;104.34
cmp_fixed100_delay_100_loss_5;14407.645;ack;103.99;104.02;0.07;104.29
cmp_fixed100_delay_100_loss_5;14511.644;ack;103.96;104.02;0.07;104.28
cmp_fixed100_delay_100_loss_5;14607.659;ack;104.08;104.03;0.07;104.29
cmp_fixed100_delay_100_loss_5;14711.569;ping;103.89;104.01;0.08;104.34
cmp_fixed100_delay_100_loss_5;14911.664;ping;104.03;104.01;0.07;104.28
cmp_fixed100_delay_100_loss_5;15007.636;ack;104.02;104.01;0.05;104.22
cmp_fixed100_delay_100_loss_5;15111.687;ping;104.03;104.02;0.04;104.19
cmp_fixed100_delay_100_loss_5;15207.685;ack;104.06;104.02;0.05;104.20
cmp_fixed100_delay_100_loss_5;15311.623;ack;103.91;104.01;0.06;104.25
cmp_fixed100_delay_100_loss_5;15311.638;ping;103.93;104.00;0.06;104.26
cmp_fixed100_delay_100_loss_5;15511.662;ping;103.97;103.99;0.06;104.22
cmp_fixed100_delay_100_loss_5;15711.610;ping;103.93;103.99;0.06;104.22
cmp_fixed100_delay_100_loss_5;15911.619;ping;104.00;103.99;0.05;104.18
cmp_fixed100_delay_100_loss_5;16111.651;ping;104.02;103.99;0.04;104.17
cmp_fixed100_delay_100_loss_5;16207.649;ack;104.09;104.00;0.06;104.24
cmp_fixed100_delay_100_loss_5;16311.684;ping;104.02;104.01;0.05;104.19
cmp_fixed100_delay_100_loss_5;16407.650;ack;104.06;104.01;0.05;104.20
cmp_fixed100_delay_100_loss_5;16511.724;ping;104.05;104.02;0.05;104.20
cmp_fixed100_delay_100_loss_5;16711.635;ping;103.97;104.01;0.05;104.20
cmp_fixed100_delay_100_loss_5;16807.646;ack;104.06;104.02;0.05;104.20
cmp_fixed100_delay_100_loss_5;16911.630;ack;103.96;104.01;0.05;104.20
cmp_fixed100_delay_100_loss_5;17007.653;ack;103.99;104.01;0.04;104.17
cmp_fixed100_delay_100_loss_5;17111.611;ack;103.94;104.00;0.05;104.19
cmp_fixed100_delay_100_loss_5;17111.627;ping;103.95;103.99;0.05;104.18
cmp_fixed100_delay_100_loss_5;17311.661;ping;104.04;104.00;0.05;104.19
cmp_fixed100_delay_100_loss_5;17407.690;ack;104.07;104.01;0.05;104.22
cmp_fixed100_delay_100_loss_5;17511.729;ping;104.02;104.01;0.04;104.18
cmp_fixed100_delay_100_loss_5;17607.703;ack;104.06;104.02;0.05;104.20
cmp_fixed100_delay_100_loss_5;17711.685;ack;103.96;104.01;0.05;104.20
cmp_fixed100_delay_100_loss_5;17711.700;ping;103.98;104.01;0.05;104.19
cmp_fixed100_delay_100_loss_5;17807.642;ack;104.06;104.01;0.05;104.20
cmp_fixed100_delay_100_loss_5;17911.594;ack;103.93;104.00;0.06;104.22
cmp_fixed100_delay_100_loss_5;17911.607;ping;103.94;103.99;0.06;104.22
cmp_fixed100_delay_100_loss_5;18007.629;ack;104.02;104.00;0.05;104.19
cmp_fixed100_delay_100_loss_5;18111.623;ack;103.97;103.99;0.04;104.16
cmp_fixed100_delay_100_loss_5;18111.639;ping;103.99;103.99;0.03;104.12
cmp_fixed100_delay_100_loss_5;18207.604;ack;104.05;104.00;0.04;104.15
cmp_fixed100_delay_100_loss_5;18311.671;ping;104.05;104.01;0.04;104.17
cmp_fixed100_delay_100_loss_5;18407.646;ack;104.07;104.01;0.05;104.20
cmp_fixed100_delay_100_loss_5;18511.655;ping;103.99;104.01;0.04;104.18
cmp_fixed100_delay_100_loss_5;18607.699;ack;104.07;104.02;0.04;104.20
cmp_fixed100_delay_100_loss_5;18711.629;ping;103.91;104.00;0.06;104.25
cmp_fixed100_delay_100_loss_5;18807.999;ack;104.41;104.06;0.15;104.65
cmp_fixed100_delay_100_loss_5;18911.588;ping;103.57;104.00;0.23;104.92
cmp_fixed100_delay_100_loss_5;19007.596;ack;103.99;103.99;0.17;104.69
cmp_fixed100_delay_100_loss_5;19111.746;ping;104.13;104.01;0.17;104.67
cmp_fixed100_delay_100_loss_5;19207.644;ack;104.06;104.02;0.14;104.56
cmp_fixed100_delay_100_loss_5;19311.630;ack;103.95;104.01;0.12;104.48
cmp_fixed100_delay_100_loss_5;19311.644;ping;103.97;104.00;0.10;104.40
cmp_fixed100_delay_100_loss_5;19511.804;ping;104.13;104.02;0.11;104.44
cmp_fixed100_delay_100_loss_5;19607.649;ack;104.01;104.02;0.08;104.34
cmp_fixed100_delay_100_loss_5;19711.720;ping;104.05;104.02;0.07;104.30
cmp_fixed100_delay_100_loss_5;19807.629;ack;104.01;104.02;0.05;104.24
cmp_fixed100_delay_100_loss_5;19914.503;ack;106.85;104.38;0.75;107.37
cmp_fixed100_delay_100_loss_5;19914.520;ping;106.87;104.69;1.19;109.43
cmp_fixed100_delay_100_loss_5;20007.672;ack;104.07;104.61;1.04;108.78
extra_loss_20_max2;0.289;ack;0.27;0.27;0.13;100.00
extra_loss_20_max2;204.760;ack;0.03;0.24;0.16;100.00
extra_loss_20_max2;204.763;ping;0.03;0.21;0.17;100.00
extra_loss_20_max2;300.722;ack;0.10;0.20;0.16;100.00
extra_loss_20_max2;404.694;ack;0.13;0.19;0.13;100.00
extra_loss_20_max2;404.697;ping;0.13;0.18;0.11;100.00
extra_loss_20_max2;604.717;ack;0.02;0.16;0.13;100.00
extra_loss_20_max2;700.745;ack;0.14;0.16;0.10;100.00
extra_loss_20_max2;804.657;ping;0.11;0.15;0.09;100.00
extra_loss_20_max2;1004.669;ack;0.03;0.14;0.10;100.00
extra_loss_20_max2;1204.706;ack;0.07;0.13;0.09;100.00
extra_loss_20_max2;1204.709;ping;0.07;0.12;0.08;100.00
extra_loss_20_max2;1404.731;ack;0.03;0.11;0.09;100.00
extra_loss_20_max2;1404.733;ping;0.03;0.10;0.09;100.00
extra_loss_20_max2;1500.714;ack;0.09;0.10;0.07;100.00
extra_loss_20_max2;1604.679;ack;0.12;0.10;0.05;100.00
extra_loss_20_max2;1804.701;ping;0.03;0.09;0.06;100.00
extra_loss_20_max2;2004.699;ack;0.02;0.08;0.06;100.00
extra_loss_20_max2;2004.700;ping;0.03;0.08;0.06;100.00
extra_loss_20_max2;2100.665;ack;0.11;0.08;0.05;100.00
extra_loss_20_max2;2204.673;ping;0.12;0.08;0.05;100.00
extra_loss_20_max2;2300.665;ack;0.11;0.09;0.04;100.00
extra_loss_20_max2;2404.681;ping;0.13;0.09;0.04;100.00
extra_loss_20_max2;2604.671;ack;0.03;0.08;0.05;100.00
extra_loss_20_max2;2604.678;ping;0.03;0.08;0.05;100.00
extra_loss_20_max2;2700.698;ack;0.11;0.08;0.05;100.00
extra_loss_20_max2;2804.688;ping;0.11;0.09;0.04;100.00
extra_loss_20_max2;3004.660;ack;0.07;0.08;0.03;100.00
extra_loss_20_max2;3004.662;ping;0.07;0.08;0.03;100.00
extra_loss_20_max2;3204.682;ack;0.03;0.08;0.04;100.00
extra_loss_20_max2;3404.695;ack;0.07;0.07;0.03;100.00
extra_loss_20_max2;3404.697;ping;0.07;0.07;0.02;100.00
extra_loss_20_max2;3500.706;ack;0.14;0.08;0.03;100.00
extra_loss_20_max2;3604.709;ping;0.12;0.09;0.03;100.00
extra_loss_20_max2;3700.653;ack;0.10;0.09;0.03;100.00
extra_loss_20_max2;4204.688;ping;0.02;0.08;0.04;100.00
extra_loss_20_max2;4300.633;ack;0.11;0.08;0.04;100.00
extra_loss_20_max2;4404.656;ack;0.10;0.09;0.03;100.00
extra_loss_20_max2;4404.658;ping;0.11;0.09;0.03;100.00
extra_loss_20_max2;4500.644;ack;0.09;0.09;0.02;100.00
extra_loss_20_max2;4700.673;ack;0.11;0.09;0.02;100.00
extra_loss_20_max2;5004.757;ping;0.04;0.09;0.03;100.00
extra_loss_20_max2;5100.696;ack;0.11;0.09;0.03;100.00
extra_loss_20_max2;5204.735;ack;0.12;0.09;0.03;100.00
extra_loss_20_max2;5400.700;ack;0.11;0.10;0.03;100.00
extra_loss_20_max2;5604.729;ack;0.02;0.09;0.04;100.00
extra_loss_20_max2;5604.735;ping;0.03;0.08;0.04;100.00
extra_loss_20_max2;5804.712;ack;0.03;0.07;0.05;100.00
extra_loss_20_max2;5804.714;ping;0.03;0.07;0.04;100.00
extra_loss_20_max2;6004.700;ping;0.02;0.06;0.05;100.00
extra_loss_20_max2;6204.741;ping;0.02;0.06;0.04;100.00
extra_loss_20_max2;6300.714;ack;0.10;0.06;0.04;100.00
extra_loss_20_max2;6404.717;ack;0.12;0.07;0.05;100.00
extra_loss_20_max2;6404.719;ping;0.12;0.08;0.05;100.00
extra_loss_20_max2;6604.710;ack;0.06;0.07;0.04;100.00
extra_loss_20_max2;6604.713;ping;0.07;0.07;0.03;100.00
extra_loss_20_max2;6804.699;ping;0.05;0.07;0.03;100.00
extra_loss_20_max2;6900.675;ack;0.10;0.07;0.03;100.00
extra_loss_20_max2;7004.646;ack;0.11;0.08;0.03;100.00
extra_loss_20_max2;7004.648;ping;0.12;0.08;0.03;100.00
extra_loss_20_max2;7104.724;ack;0.12;0.09;0.03;100.00
extra_loss_20_max2;7200.675;ack;0.13;0.09;0.04;100.00
extra_loss_20_max2;7504.675;ack;0.02;0.08;0.05;100.00
extra_loss_20_max2;7600.700;ack;0.12;0.09;0.04;100.00
extra_loss_20_max2;7600.703;ping;0.12;0.09;0.04;100.00
extra_loss_20_max2;7704.638;ack;0.11;0.09;0.04;100.00
extra_loss_20_max2;8000.703;ack;0.15;0.10;0.04;100.00
extra_loss_20_max2;8000.707;ping;0.15;0.11;0.04;100.00
extra_loss_20_max2;8304.680;ack;0.01;0.10;0.06;100.00
extra_loss_20_max2;8400.675;ack;0.11;0.10;0.05;100.00
extra_loss_20_max2;8400.678;ping;0.12;0.10;0.04;100.00
extra_loss_20_max2;8504.674;ack;0.11;0.10;0.03;100.00
extra_loss_20_max2;8600.664;ack;0.13;0.11;0.03;100.00
extra_loss_20_max2;8704.667;ack;0.11;0.11;0.03;100.00
extra_loss_20_max2;8800.686;ping;0.14;0.11;0.03;100.00
extra_loss_20_max2;8904.701;ack;0.06;0.10;0.03;100.00
extra_loss_20_max2;9000.686;ack;0.12;0.10;0.03;100.00
extra_loss_20_max2;9000.694;ping;0.12;0.11;0.03;100.00
extra_loss_20_max2;9200.704;ack;0.15;0.11;0.03;100.00
extra_loss_20_max2;9200.707;ping;0.15;0.12;0.03;100.00
extra_loss_20_max2;9304.672;ack;0.10;0.12;0.03;100.00
extra_loss_20_max2;9504.659;ack;0.02;0.10;0.04;100.00
extra_loss_20_max2;9600.736;ack;0.12;0.11;0.04;100.00
extra_loss_20_max2;9600.739;ping;0.13;0.11;0.03;100.00
extra_loss_20_max2;10000.742;ack;0.16;0.12;0.04;100.00
extra_loss_20_max2;10000.746;ping;0.17;0.12;0.04;100.00
extra_loss_20_max2;10104.652;ack;0.10;0.12;0.04;100.00
extra_loss_20_max2;10304.695;ack;0.02;0.11;0.05;100.00
extra_loss_20_max2;10400.705;ack;0.13;0.11;0.05;100.00
extra_loss_20_max2;10400.709;ping;0.13;0.11;0.04;100.00
extra_loss_20_max2;10704.637;ack;0.06;0.11;0.04;100.00
extra_loss_20_max2;10800.735;ack;0.11;0.11;0.03;100.00
extra_loss_20_max2;10800.738;ping;0.12;0.11;0.03;100.00
extra_loss_20_max2;10904.708;ack;0.12;0.11;0.02;100.00
extra_loss_20_max2;11000.732;ack;0.19;0.12;0.04;100.00
extra_loss_20_max2;11000.735;ping;0.19;0.13;0.05;100.00
extra_loss_20_max2;11200.670;ack;0.12;0.13;0.04;100.00
extra_loss_20_max2;11304.684;ack;0.12;0.13;0.03;100.00
extra_loss_20_max2;11400.722;ack;0.13;0.13;0.02;100.00
extra_loss_20_max2;11400.725;ping;0.13;0.13;0.02;100.00
extra_loss_20_max2;11704.674;ack;0.06;0.12;0.03;100.00
extra_loss_20_max2;11800.711;ping;0.12;0.12;0.02;100.00
extra_loss_20_max2;11904.648;ack;0.01;0.11;0.04;100.00
extra_loss_20_max2;12000.683;ack;0.13;0.11;0.04;100.00
extra_loss_20_max2;12200.714;ack;0.11;0.11;0.03;100.00
extra_loss_20_max2;12200.722;ping;0.12;0.11;0.02;100.00
extra_loss_20_max2;12300.653;ack;0.11;0.11;0.02;100.00
extra_loss_20_max2;12404.681;ack;0.15;0.11;0.02;100.00
extra_loss_20_max2;12404.684;ping;0.15;0.12;0.03;100.00
extra_loss_20_max2;12500.651;ack;0.09;0.12;0.03;100.00
extra_loss_20_max2;12700.738;ack;0.16;0.12;0.03;100.00
extra_loss_20_max2;12900.798;ack;0.25;0.14;0.06;100.00
extra_loss_20_max2;13004.653;ack;0.11;0.13;0.05;100.00
extra_loss_20_max2;13204.738;ping;0.03;0.12;0.06;100.00
extra_loss_20_max2;13404.679;ping;0.03;0.11;0.07;100.00
extra_loss_20_max2;13500.643;ack;0.10;0.11;0.06;100.00
extra_loss_20_max2;13604.699;ping;0.13;0.11;0.05;100.00
extra_loss_20_max2;13700.659;ack;0.10;0.11;0.04;100.00
extra_loss_20_max2;13804.709;ack;0.12;0.11;0.03;100.00
extra_loss_20_max2;13804.716;ping;0.13;0.11;0.03;100.00
extra_loss_20_max2;13900.756;ack;0.14;0.12;0.03;100.00
extra_loss_20_max2;14004.667;ack;0.10;0.11;0.03;100.00
extra_loss_20_max2;14004.670;ping;0.10;0.11;0.02;100.00
extra_loss_20_max2;14100.664;ack;0.10;0.11;0.02;100.00
extra_loss_20_max2;14204.697;ping;0.13;0.11;0.02;100.00
extra_loss_20_max2;14300.670;ack;0.10;0.11;0.02;100.00
extra_loss_20_max2;14404.691;ack;0.10;0.11;0.02;100.00
extra_loss_20_max2;14500.759;ack;0.20;0.12;0.03;100.00
extra_loss_20_max2;14604.638;ack;0.11;0.12;0.03;100.00
extra_loss_20_max2;14700.719;ack;0.14;0.12;0.03;100.00
extra_loss_20_max2;14804.728;ack;0.13;0.12;0.02;100.00
extra_loss_20_max2;14900.670;ack;0.10;0.12;0.02;100.00
extra_loss_20_max2;15004.663;ack;0.10;0.12;0.02;100.00
extra_loss_20_max2;15004.666;ping;0.11;0.12;0.02;100.00
extra_loss_20_max2;15100.738;ack;0.13;0.12;0.02;100.00
extra_loss_20_max2;15204.691;ack;0.15;0.12;0.02;100.00
extra_loss_20_max2;15204.694;ping;0.15;0.13;0.02;100.00
extra_loss_20_max2;15300.657;ack;0.10;0.12;0.02;100.00
extra_loss_20_max2;15404.643;ack;0.11;0.12;0.02;100.00
extra_loss_20_max2;15500.673;ack;0.11;0.12;0.02;100.00
extra_loss_20_max2;15604.696;ack;0.12;0.12;0.01;100.00
extra_loss_20_max2;15604.700;ping;0.13;0.12;0.01;100.00
extra_loss_20_max2;15700.678;ack;0.11;0.12;0.01;100.00
extra_loss_20_max2;15804.786;ack;0.19;0.13;0.03;100.00
extra_loss_20_max2;15804.790;ping;0.20;0.14;0.04;100.00
extra_loss_20_max2;15900.678;ack;0.11;0.13;0.04;100.00
extra_loss_20_max2;16004.686;ack;0.13;0.13;0.03;100.00
extra_loss_20_max2;16004.690;ping;0.13;0.13;0.02;100.00
extra_loss_20_max2;16300.654;ack;0.11;0.13;0.02;100.00
extra_loss_20_max2;16404.690;ack;0.12;0.13;0.02;100.00
extra_loss_20_max2;16604.661;ack;0.02;0.12;0.04;100.00
extra_loss_20_max2;16604.663;ping;0.03;0.10;0.05;100.00
extra_loss_20_max2;16700.687;ack;0.13;0.11;0.05;100.00
extra_loss_20_max2;16804.717;ping;0.15;0.11;0.05;100.00
extra_loss_20_max2;16900.665;ack;0.10;0.11;0.04;100.00
extra_loss_20_max2;17004.678;ping;0.11;0.11;0.03;100.00
extra_loss_20_max2;17100.660;ack;0.11;0.11;0.02;100.00
extra_loss_20_max2;17204.661;ack;0.09;0.11;0.02;100.00
extra_loss_20_max2;17300.688;ack;0.11;0.11;0.02;100.00
extra_loss_20_max2;17404.768;ack;0.12;0.11;0.02;100.00
extra_loss_20_max2;17404.772;ping;0.12;0.11;0.01;100.00
extra_loss_20_max2;17604.725;ack;0.03;0.10;0.03;100.00
extra_loss_20_max2;17804.832;ping;0.06;0.10;0.04;100.00
extra_loss_20_max2;17900.666;ack;0.09;0.10;0.03;100.00
extra_loss_20_max2;18004.714;ack;0.14;0.10;0.03;100.00
extra_loss_20_max2;18004.718;ping;0.14;0.11;0.03;100.00
extra_loss_20_max2;18100.721;ack;0.14;0.11;0.04;100.00
extra_loss_20_max2;18204.700;ack;0.14;0.12;0.03;100.00
extra_loss_20_max2;18204.704;ping;0.15;0.12;0.03;100.00
extra_loss_20_max2;18404.701;ack;0.03;0.11;0.05;100.00
extra_loss_20_max2;18404.705;ping;0.04;0.10;0.05;100.00
extra_loss_20_max2;18604.712;ack;0.08;0.10;0.05;100.00
extra_loss_20_max2;19004.690;ack;0.03;0.09;0.05;100.00
extra_loss_20_max2;19004.692;ping;0.03;0.08;0.05;100.00
extra_loss_20_max2;19204.951;ping;0.05;0.08;0.05;100.00
extra_loss_20_max2;19404.741;ack;0.07;0.08;0.04;100.00
extra_loss_20_max2;19404.743;ping;0.07;0.08;0.03;100.00
extra_loss_20_max2;19604.680;ack;0.02;0.07;0.03;100.00
extra_loss_20_max2;19604.682;ping;0.03;0.06;0.04;100.00
extra_loss_20_max2;19700.679;ack;0.11;0.07;0.04;100.00
extra_loss_20_max2;19804.670;ack;0.13;0.08;0.04;100.00
extra_loss_20_max2;19804.673;ping;0.13;0.08;0.05;100.00
extra_loss_20_max2;19900.689;ack;0.12;0.09;0.04;100.00
